:020000040800F2
:1000000068DC002031030008CD9200081D6800085C
:10001000B5900008F71600080DD900080000000090
:100020000000000000000000000000007102000855
:10003000E51B000800000000CD020008EFA4000846
:100040004B0300084B0300084B0300084B03000858
:100050004B0300084B030008E71B00084B03000894
:100060004B030008F11B0008FB1B00084B030008B2
:100070004B0300084B0300084B0300084B03000828
:100080004B0300084B0300084B0300080D17000842
:10009000FD1600084B0300084B030008051C000870
:1000A0004B0300084B0300084B0300084B030008F8
:1000B0004B0300084B030008CDA500084B030008C4
:1000C0004B0300084B0300084B0300084B030008D8
:1000D0004B03000809AE00084B0300084B0300085F
:1000E0004B0300084B0300084B0300084B030008B8
:1000F0004B0300084B0300084B0300084B030008A8
:100100004B0300084B0300084B0300084B03000897
:100110004B0300084B0300084B0300084B03000887
:100120004B0300084B0300084B030008111A00089A
:100130004B0300084B0300084B0300084B03000867
:100140004B0300084B0300084B030008759500089B
:100150004B0300084B0300084B0300084B03000847
:100160004B0300084B0300084B0300084B03000837
:100170004B0300084B0300084B030008000000007D
:100180004B0300084B03000800F002F800F060F891
:100190000AA090E8000C82448344AAF10107DA45E2
:1001A00001D100F055F8AFF2090EBAE80F0013F0D4
:1001B000010F18BFFB1A43F001031847404001002C
:1001C000604001000A444FF0000C10F8013B13F0AE
:1001D000070408BF10F8014B1D1108BF10F8015BA0
:1001E000641E05D010F8016B641E01F8016BF9D193
:1001F00013F0080F1EBF10F8014BAD1C0C1B09D1EA
:100200006D1E58BF01F801CBFAD505E014F8016B5B
:1002100001F8016B6D1EF9D59142D6D370470000ED
:100220000023002400250026103A28BF78C1FBD8FF
:10023000520728BF30C148BF0B6070471FB513F08D
:10024000F4FB9DE8030000F021FA1FBD10B510BDBE
:1002500000F0AEFA1146FFF7F1FF10F011FC00F0CC
:10026000CCFA03B4FFF7F2FF03BC00F0FDFA000084
:100270002C4B19680868B0E8F04F80F30988BFF389
:100280006F8F4FF0000080F311887047000000006E
:1002900008480068006880F308884FF0000080F389
:1002A000148862B661B6BFF34F8FBFF36F8F00DF64
:1002B00000BF00BF08ED00E0DFF80C00016841F46A
:1002C00070010160704700BF88ED00E0EFF3098026
:1002D000BFF36F8F134B1A681EF0100F08BF20ED8D
:1002E000108A20E9F04F106009B44FF0500080F3FD
:1002F0001188BFF34F8FBFF36F8F11F089FD4FF05F
:10030000000080F3118809BC19680868B0E8F04F54
:100310001EF0100F08BFB0EC108A80F30988BFF3FD
:100320006F8F704728000020EFF3058070470000B2
:100330000948804709480047FEE7FEE7FEE7FEE779
:10034000FEE7FEE7FEE7FEE7FEE7FEE704480549B5
:10035000054A064B70470000B9A50008890100084E
:10036000689C002068DC002068BC002068BC00207D
:1003700070B5064600F06EF9056806F10B0020F036
:100380000704B4429CBF002070BD2B466A68BAB116
:100390001068A04210D304F1080188423CBF5068A5
:1003A000586007D35168101941601168091B01603A
:1003B00058601460101D70BD13465268002AE7D1C2
:1003C0002146284600F04EF90028DED170BD53EAE0
:1003D000020C00F069802DE9F04B4FF00006002B75
:1003E0001FBFB3FA83F503FA05F424FA05F65E405D
:1003F00012BF1643B2FA82F502FA05F4C5F12005E0
:100400001EBF22FA05FC44EA0C04203556EA044CCF
:100410004FEA144418BF641C4FF000084FF0000965
:10042000904271EB030C39D3002919BFB1FA81F75F
:1004300001FA07F6B0FA80F700FA07F6C7F12007CD
:100440001EBF20FA07FC46EA0C062037B6FBF4FC78
:10045000A7EB0507103F07F01F0BCBF120060CFAA6
:100460000BFB2CFA06F644BFB3460026202FA4BF90
:100470005E464FF0000B5BEA060C08BF4FF0010B25
:1004800019EB0B09ABFB027C48EB0608C01B06FB13
:1004900002CC0BFB03CC71EB0C01C1E70B4602460F
:1004A00041464846BDE8F08B13B54FF000004FF0D1
:1004B0000001AFF30080BDE81C407047032A40F202
:1004C000308010F0030C00F0158011F8013BBCF1F6
:1004D000020F624498BF11F801CB00F8013B38BF0E
:1004E00011F8013BA2F1040298BF00F801CB38BF1C
:1004F00000F8013B11F0030300F02580083AC0F03A
:10050000088051F8043B083A51F804CBA0E80810E1
:10051000F5E7121D5CBF51F8043B40F8043BAFF314
:100520000080D20724BF11F8013B11F801CB48BF6E
:1005300011F8012B24BF00F8013B00F801CB48BFA4
:1005400000F8012B704710B5203AC0F00B80B1E8DD
:100550001850203AA0E81850B1E81850A0E81850F8
:10056000BFF4F5AF5FEA027C24BFB1E81850A0E801
:10057000185044BF18C918C0BDE810405FEA827C1B
:1005800024BF51F8043B40F8043B08BF7047D20732
:1005900028BF31F8023B48BF11F8012B28BF20F8D3
:1005A000023B48BF00F8012B704702F0FF0343EA0B
:1005B000032242EA024200F002B84FF0000204298E
:1005C000C0F0128010F0030C00F01B80CCF1040C82
:1005D000BCF1020F18BF00F8012BA8BF20F8022BB6
:1005E000A1EB0C0100F00DB85FEAC17C24BF00F85C
:1005F000012B00F8012B48BF00F8012B70474FF08A
:10060000000200B5134694469646203922BFA0E862
:100610000C50A0E80C50B1F12001BFF4F7AF09076E
:1006200028BFA0E80C5048BF0CC05DF804EB89005F
:1006300028BF40F8042B08BF704748BF20F8022BA2
:1006400011F0804F18BF00F8012B704770477047BA
:100650007047000000487047109C002070477047AA
:100660007047704738B504460A4600206946AFF324
:100670000080002808BF38BD02460099204600F0DF
:1006800075F8012038BD012000F08AB8F8B5AFF345
:100690000080054600200C46102000BF0646A81921
:1006A000A0420DD9324669460020AFF30080070012
:1006B00008BF00F075F80098A04218BF0546C4199D
:1006C000FFF7C8FF05600746F01D20F00700461938
:1006D000284600F00AF8B44208BFF8BDA21B314614
:1006E0003868BDE8F84000F041B800210160C0E979
:1006F000011070471020704770B50446051FFFF7C2
:10070000A9FF0068002C14BF446870BD002C18BFFE
:10071000AC423CBF20466468F8D301680A18AA427C
:1007200018BF456003D12A68054611440160286856
:100730004119A1421CBF6C6070BD6168696021688D
:100740000844286070BD10B500F00CF8006810BDBA
:1007500010B5044600F006F8046010BD004870476C
:10076000089C002000487047089C00200346406811
:100770008C46002818BF88423CBF03464068F8D327
:1007800018681844884207D00CF1030020F00700D5
:10079000001D411A521A0146081D0A60FFF7ACBF3E
:1007A00010B500F039F8BDE8104000F02FB87047E0
:1007B0007546FFF7D3FFAE4605006946534620F065
:1007C0000700854618B020B5FFF7C0FDBDE8204002
:1007D0004FF000064FF000074FF000084FF0000BFD
:1007E00021F00701AC46ACE8C009ACE8C009ACE8B0
:1007F000C009ACE8C0098D46704710B50446AFF398
:1008000000802046BDE81040FFF72BBD002801D036
:1008100000F02AB87047000010B5012805D000216B
:1008200003A000F027F8012010BD09A1F8E700009F
:1008300053494752544D454D3A204F7574206F66C9
:100840002068656170206D656D6F72790000000031
:100850003A2048656170206D656D6F727920636F15
:10086000727275707465640001491820ABBEFEE7B2
:100870002600020070B505460C460A2000E06D1CFB
:1008800000F011F835B128780028F8D102E0641C96
:1008900000F009F814B120780028F8D1BDE87040C4
:1008A0000A20AFF3008008B569468DF800000320E8
:1008B000ABBE08BD2DE9F04103880F88BB423FD194
:1008C00047884E88B7423BD11688B34238D1568804
:1008D000B74235D1466854684D6807FB03F80020DD
:1008E000B0EB980F1BD04FEA980047423068296858
:1008F00012F0BBFF20607068696812F0B6FF60609C
:10090000B068A96812F0B1FFA060F068E96812F061
:10091000ACFFE0601034103510360137E6D118F026
:1009200003000BD0474200BF56F8040B55F8041BD8
:1009300012F09BFF44F8040B0137F5D1002000E0D2
:10094000FD2040B2BDE8F0814360428001807047E5
:100950002DE9F04F93B0B0F802A0B0F800B0D34545
:1009600040F05D810A88FD25934540F059814B8810
:100970009A4240F055814768BBF1000F00F0398181
:100980004C686FF00300019700274FF07E585E46D9
:10099000CDF820A000EB8B0920460494BBEB0600A9
:1009A00008D0B9002046FFF72AFE002001300434A9
:1009B0008742FBD104F1040A751EC4F800800FD0F1
:1009C000A9EB87015046FFF71AFE0120544600BFED
:1009D000013004348642FBD10137002D2E46DDD193
:1009E000019FDDF820A0BBF1000F00F00281042080
:1009F00007EB8A023C1DABF101080021CDF824A0D1
:100A0000CDF81CB000EB8A000290CAF100000B90F8
:100A10004FEA8A00129000BF594580F0058101FB22
:100A20000AF0109104990597002593460392CDF89A
:100A3000188057F8209001EB800107EB80004F46AB
:100A40000E910D9008E000BF1298DBF80070A8F13D
:100A500001083546584483463846002112F02AFFE3
:100A600040B93846294612F017FF00283E4608D004
:100A700008E000BF87F000462846314612F021FF0B
:100A800000B92E46B8F1000FDED13046002112F039
:100A9000F5FE002840F0C88029F00040314612F0F1
:100AA000EDFEDDE9062140B91098C043401804D09E
:100AB000002000BF01308242FCD14846002112F0E4
:100AC000DDFE099E002840F0AF800D994FF07E506A
:100AD0000F9408601098AAEB0001012908460C91B8
:100AE0000BD00F9D012400BF2868494612F0FCFE80
:100AF000013445F8040BA642F6D10B9C0E9D00BFB5
:100B00002868494612F0F0FE45F8040B0134F7D18D
:100B10000C98DDF81C804FF0000B01380A90DDE9DD
:100B20000465DDE90F4100BF8B4505D10C9806EB4C
:100B30008A0605EB80053CE00D98D5F80090016829
:100B4000484612F023FF0146484612F078FF45F868
:100B5000040B0A98E0B1CDF84480DDF82480012729
:100B60004FF0000A54F80A10484612F00FFF0146F1
:100B700055F80A0012F063FF013745F80A000AF140
:100B8000040AB845EED15544DDF820A0DDF84480D4
:100B90000B9F0E9C54F8041B484612F0F7FE0146CA
:100BA000306812F04CFF46F8040B0137F2D1DDE952
:100BB0000F4105EB81050BF1010BB8F10108B3D131
:100BC0000298039ADDF81880059FDDF81CB001310A
:100BD000044402440998A8F1010804370138099037
:100BE0007FF41AAF48460021002512F047FE019F0E
:100BF000B0B10AFB0BF50024002645B1386800218E
:100C000012F03CFE18B101360437AE42F6D3AE42C4
:100C100008BF6FF00404204613B0BDE8F08FFD2537
:100C200068B213B0BDE8F08FFB25F9E72DE9F04F6E
:100C300091B047880B889F4240F0AF8006881388A8
:100C40009E4240F0AA804D8853889D4240F0A58086
:100C500052684FF0000949684FEA850805960497E5
:100C6000039502924268A9EB97000191079027F043
:100C7000030002EB80000C920990B8080B906843C7
:100C800001EB00102946009007F003000A90404253
:100C9000069000BF029800EB890ADDE9000BCDF851
:100CA000209010900B980F91002847D0CDF838A0D5
:100CB000CDF834B0D946DDF81CA0DDF830B0002402
:100CC0009BE8C100D9F80010DBF80C5012F05EFE72
:100CD0000146204612F0C9FD59F808100446304676
:100CE00012F054FE0146204612F0BFFD09EB080643
:100CF0000446384656F8081012F048FE01462046D1
:100D000012F0B3FD46440446284656F8081012F087
:100D10003DFE0146204612F0A8FD044606EB080001
:100D20000BF1100B1AF1010A00EB0809C8D1109D54
:100D3000DDE90896DDE90DBA03E000BF0C9E002452
:100D40005D460A9868B1069F56F8040B296812F0B0
:100D50001DFE0146204612F088FD04464544013739
:100D6000F2D110980F994AF8044B0BF1040B0430A0
:100D70000139109096D10498099901EB80010991ED
:100D80000C9901EB800105980C9103990138894475
:100D900005907FF47FAF002000E0FD2040B211B04D
:100DA000BDE8F08F2DE9F04103880F88BB423FD1A9
:100DB00047884E88B7423BD11688B34238D156880F
:100DC000B74235D1466854684D6807FB03F80020E8
:100DD000B0EB980F1BD04FEA980047423068296863
:100DE00012F02DFE20607068696812F028FE6060C5
:100DF000B068A96812F023FEA060F068E96812F0FC
:100E00001EFEE0601034103510360137E6D118F0C0
:100E100003000BD0474200BF56F8040B55F8041BE3
:100E200012F00DFE44F8040B0137F5D1002000E06C
:100E3000FD2040B2BDE8F0812DE9F04F82B0B0F85E
:100E400000E04B889E454BD144880B889C4247D19B
:100E500000234E6804F0030B40684FEA0E184FEA77
:100E6000940AA3EB9401CBF1000901914FEA8E01A2
:100E700032460096BAF1000F1CD0019F344600BFE5
:100E80002546046801372C6044686C5005EB01046A
:100E9000D0F808C044F801C00C44C26800F110004A
:100EA000625004EB010202EB0104E9D105EB0807F3
:100EB00003E000BF009A02EB8307BBF1000F07D0ED
:100EC0004D4600BF50F8042B01353A600F44F9D16C
:100ED0000436BEF1010E03F10103CBD1002000E086
:100EE000FD2040B202B0BDE8F08F70B505460C465B
:100EF00000260DB1022C00D870BDA11E4FF6FF7266
:100F0000284601F053FE0646A01E2E54310A601EEC
:100F1000295400BFF0E7000010B50122102102485B
:100F200002F046FE10BD00000000024010B5002295
:100F30001021024802F03CFE10BD000000000240FB
:100F400010B501221146024802F032FE10BD000029
:100F50000004024010B500220121024802F028FEE0
:100F600010BD00000004024010B50446FFF7DEFF8C
:100F7000922000F0DBF90622B249122000F0B6F907
:100F8000FFF7CAFFAF484078000200B2AD490978C8
:100F90000843AD4908800846B0F9000000EE100A89
:100FA000B8EEC00AA94880ED000A0846B0F9000072
:100FB00000EE100AB8EEC00AA548D0ED000A20EEF7
:100FC000200AD4ED080A20EE200A84ED000A9D488C
:100FD000C078000200B29B49897808439A4908808A
:100FE0000846B0F9000000EE100AB8EEC00A9748B3
:100FF00080ED010A0846B0F9000000EE100AB8EED4
:10100000C00A9348D0ED000A20EE200AD4ED080A69
:1010100020EE200A84ED010A8A484079000200B2DD
:10102000884909790843884908800846B0F90000D2
:1010300000EE100AB8EEC00A844880ED020A0846A5
:10104000B0F9000000EE100AB8EEC00A8048D0EDFA
:10105000000A20EE200AD4ED080A20EE200A84EDD2
:10106000020AFFF777FF08227649002000F03EF9D8
:10107000FFF766FF734800780F286CD17548007839
:10108000002869D06F48C078000200B26D498978A5
:1010900008436D4908800846B0F9000000EE100AC8
:1010A000B8EEC00A694880ED030A94ED090A0846C3
:1010B000B0F9000000EE900AF8EEE00A664890ED04
:1010C000001A10EE810A84ED030A5E48407900029E
:1010D00000B25C49097908435B4908800846B0F9C9
:1010E000000000EE100AB8EEC00A584880ED040A6D
:1010F00094ED0A0A0846B0F9000000EE900AF8EEF6
:10110000E00A554890ED001A10EE810A84ED040AB9
:101110004C48C079000200B24A49897908434A49DB
:1011200008800846B0F9000000EE100AB8EEC00AC8
:10113000464880ED050A94ED0B0A0846B0F9000018
:1011400000EE900AF8EEE00A434890ED001A10EE27
:10115000810A84ED050A44E03A48C078000200B2F2
:10116000384989780843384908800846B0F90000B2
:1011700000EE100AB8EEC00A3748D0ED000A20EEA3
:10118000200A84ED030A2F484079000200B22D495D
:10119000097908432C4908800846B0F9000000EEA0
:1011A000100AB8EEC00A2C48D0ED000A20EE200A42
:1011B00084ED040A2348C079000200B221498979EC
:1011C0000843214908800846B0F9000000EE100AE3
:1011D000B8EEC00A2048D0ED000A20EE200A84EDC7
:1011E000050AFFF7A3FEA22000F0A0F8022215498D
:1011F000222000F07BF8FFF78FFE12480078C00035
:101200001049497840EA61100F4908800846B0F952
:101210000000B0F5806F05DB08460088A0F500608F
:1012200000B208800848B0F9000000EE100AF8EE9D
:10123000C00AB4EE001AB3EE070A00EE810A84ED8C
:10124000070A10BD3E05002046050020A07F0020B3
:1012500000050020100500200405002070B504469C
:101260000D46194804600020184908700EF056F920
:10127000164909780843154908700EF005FA134914
:1012800009780843114908709FED110A114880ED53
:10129000090A9FED110A80ED0A0A9FED100A80ED00
:1012A0000B0A9FED0F0A80ED0C0A90ED0C0ADFEDA2
:1012B0000D0A80EE801A80ED081A9FED0B0A80ED72
:1012C000060A0846007870BD480500200A0500207F
:1012D000BFD21D3B6C7F00202F820A3B7850443ADE
:1012E000B47D1C41C3F51C410000204270B5064688
:1012F0000C46154646F0800000F018F806E0552030
:1013000000F014F82070641C681EC5B2002DF6D1E0
:1013100070BD70B504460D4644F0800000F006F83C
:10132000552000F003F8287070BD000001B582B0B0
:101330004FF47A70012301AA02A9009003480068C3
:1013400004F0A2F89DF804000EBD0000480500203E
:1013500070B505460C462846FFF7E8FF2046FFF724
:10136000E5FF70BD10B52DED0E8B04468349606816
:101370000863A0684863E068886394ED020AD4EDCE
:10138000030AB2EE0E1A10EE810A10EE100A08607F
:101390009FED7B0B0DF004FCB0EE40BAF0EE60BAAE
:1013A00094ED010A10EE101A084612F033FA41ECDF
:1013B0001C0B53EC1B2B11F037FF41EC190B9FED6D
:1013C000700B0CF055FDB0EE40DAF0EE60DA94ED03
:1013D000020A10EE101A084612F01CFA41EC1E0B1D
:1013E00053EC1D2B11F020FF41EC1B0B94ED030A75
:1013F000F2EE0E0A20EE200A10EE101A084612F045
:1014000009FA41EC1C0B53EC1B2B11F063FC41EC73
:101410001A0B53EC192B11F05DFC41EC180B11F079
:1014200027FC564908619FED580B0CF021FDB0EEEA
:1014300040BAF0EE60BA94ED010A10EE101A0846B8
:1014400012F0E8F941EC1C0B53EC1B2B11F0ECFEF5
:1014500041EC190B9FED4C0B0DF0A2FBB0EE40DA06
:10146000F0EE60DA94ED020A10EE101A084612F05F
:10147000D1F941EC1E0B53EC1D2B11F0D5FE41ECC4
:101480001B0B94ED030AF2EE0E0A20EE200A10EE7A
:10149000101A084612F0BEF941EC1C0B53EC1B2B42
:1014A00011F018FC41EC1A0B53EC192B12F0C8F890
:1014B00041EC180B11F0DCFB30490862084600686B
:1014C00000EE100ADFED320A20EE200A10EE100ABC
:1014D00048600846006900EE100ADFED2D0A20EE94
:1014E000200A10EE100A48610846006A00EE100A51
:1014F000DFED270A20EE200A10EE100A48620846A7
:10150000406800EE100ADFED230A20EE200ABDEE4F
:10151000C00A10EE100A01B204F1EE00A4F89D1109
:101520001648406900EE100ADFED1A0A20EE200A84
:10153000BDEEC00A10EE100A01B2A4F85E120F4808
:10154000406A00EE100ADFED130A20EE200ABDEE1D
:10155000C00A10EE100A01B2A4F81F139FED0E0A84
:1015600084ED010A9FED0C0A84ED020A9FED0A0A40
:1015700084ED030ABDEC0E8B10BD0000BC7600208C
:101580000000002052C1F03F0000002052C1E03FA7
:10159000BABD1E400000104200000000D2ED020A59
:1015A00092ED021AB6EE000A00EEC10AD2ED030A6D
:1015B00092ED031A00EEC10AD0ED000A20EE200AD7
:1015C000D2ED010A92ED021A60EE810A92ED001A44
:1015D000D2ED031A41EE610A90ED011A00EE810A84
:1015E000D2ED010A92ED031A60EE810A92ED001A23
:1015F000D2ED021A41EE210A90ED021A00EE810AA4
:10160000F0EE000A20EE200A81ED000A92ED010AB8
:10161000D2ED020A20EE200AD2ED000A92ED031A62
:1016200000EE810AD0ED000A60EE200A92ED011A68
:10163000D2ED011AB6EE000A01EE610AD2ED031AEC
:1016400092ED032AB0EE401A01EEC21AD0ED011A53
:10165000B0EE600A01EE210AD2ED020A92ED031A01
:1016600060EE810A92ED001AD2ED011A41EE610A94
:1016700090ED021A00EE810AF0EE000A20EE200A38
:1016800081ED010A92ED010AD2ED030A20EE200A53
:10169000D2ED000A92ED021A00EEC10AD0ED000A66
:1016A00020EE200AD2ED020A92ED031A60EE810AC2
:1016B00092ED001AD2ED011A41EE210A90ED011AC5
:1016C00000EE810A92ED011AD2ED011AF6EE000A3F
:1016D00041EE610A92ED021AD2ED021A41EE610A60
:1016E00090ED021A00EE810AF0EE000A20EE200AC8
:1016F00081ED020A704700BFFEE7000010B5024806
:1017000001F098FC10BD0000E80C002010B5024864
:1017100001F090FC10BD0000E80C00200346042BF3
:1017200015D007DC7BB1012B0ED0022B0DD0032B83
:1017300012D10BE0202B0BD0212B0AD0222B09D069
:10174000232B09D107E008E007E006E005E004E00C
:1017500003E002E001E000E000BF00BF00207047AE
:101760000020704710B500220449054809F0EFFD3C
:101770000449034809F0DCFD002010BD948C0020D2
:10178000B87F00209484002070B505460C4628469A
:1017900021680CF0BDF818B1284621680EF070FAE7
:1017A0002946044809F0C4FD024809F08DFD0020D7
:1017B00070BD0000B87F002010B503460C46002124
:1017C000084610BD2DE9F04104460D4600260A48A2
:1017D000D0F8BC72D7F8140210B10120BDE8F08136
:1017E0002A462146044809F0B2FD034809F062FE8A
:1017F00006463046F2E70000B87F002010B52E48BC
:10180000B0F99D0101EE100AB8EEC11AF0EE410ADE
:101810002948B0F9A30101EE100AB8EEC11AB0EEE2
:10182000410A2548F33007F0DCFFBDEEC00A10EE98
:10183000100A01B22048A0F8A111B0F95E0201EE31
:10184000100AB8EEC11AF0EE410A1B48B0F9640262
:1018500001EE100AB8EEC11AB0EE410A174807F0BF
:10186000C0FFBDEEC00A10EE100A01B21248A0F887
:101870006212B0F91F0301EE100AB8EEC11AF0EEC1
:10188000410A0D48B0F9250301EE100AB8EEC11A5D
:10189000B0EE410A0948C13007F0A3FFBDEEC00A0F
:1018A00010EE100A01B20448A0F8231300F2313000
:1018B0000EF0CEFA10BD00008073002034750020B9
:1018C00000201049087007F0F7FB19E00D4890ED73
:1018D000021AF0EE410A90ED011AB0EE410A00F151
:1018E0000801001D08F00AFD06480EF00FFAFFF788
:1018F00085FF054905480FF0BDF9142010F0A8F93F
:10190000E4E7000080730020B1760020E80C00209E
:1019100010B59FED0D0A0D4880ED000AD0ED000ACC
:10192000B0EE600A00210A4808F0C2FC9FED090AE7
:10193000064880ED010AD0ED010AB0EE600A0421EC
:10194000034808F0B5FC10BD000070425477002039
:10195000280E002000001B430146087A4A7A904274
:1019600017D0087A012808D19FED0A0A81ED000AF4
:101970009FED090A81ED010A09E0087A38B99FED67
:10198000070A81ED000A9FED060A81ED010A087A37
:101990004872704700000E43000090420000704201
:1019A00000001B43FFF7B4FF2BE01648D0ED000A00
:1019B000B0EE600A0021144808F07AFC1148D0ED1E
:1019C000010AB0EE600A04210F4808F071FC0F48CC
:1019D0000088052190FBF1F201FB120010B90948C3
:1019E000FFF7BAFF09480088401C084908800846EC
:1019F0000088B0F57A7F01D100200880142010F013
:101A000027F9D2E754770020280E00200A01002091
:101A100010B5024801F002FE10BD0000C80D002004
:101A20000146087810381823B0FBF3F20848805CB0
:101A3000C865032A05D908686FF30900001D886589
:101A400003E008686FF309008865886D704700003F
:101A50005C3D0108014600208A6A8B69CBB932B12E
:101A6000012A0DD0022A03D0032A10D10EE000BFB4
:101A7000CB6A03F08073B3F1807F00D1012007E0CF
:101A8000CB6AB3F1C07F00D1012001E000E000BFCC
:101A900034E08B69B3F5005F1AD132B1012A07D067
:101AA000022A03D0032A11D10AE000BF01200EE070
:101AB000CB6A03F08073B3F1807F00D1012006E090
:101AC000CB6AB3F1C07F00D1012000E000BF15E078
:101AD00032B1012A05D0022A04D0032A0CD103E036
:101AE00000BF00BF012008E0CB6A03F08073B3F1B0
:101AF000807F00D1012000E000BF00BF70470000E0
:101B000008B508484068009007490098096888426D
:101B100004D206480068401C044908600249009845
:101B2000086008BD001000E078010020740100206A
:101B300010B52DED028B82B004460E48406801902E
:101B400020680199081A00EE100AF8EE400A0A48C7
:101B500090ED000AB8EE400A80EE801AB0EE418A9D
:101B600001982060FFF7CCFFB0EE480A02B0BDEC50
:101B7000028B10BD001000E06801002012490968C6
:101B800041F08071104A11600021104A51601146E5
:101B9000096841F0010111600D4941430D4A11608E
:101BA000114609684FF47A72B1FBF2F10A4A1160EA
:101BB00008490968064AB1FBF2F1084A11600021A0
:101BC000074A116070470000FCED00E0001000E0E3
:101BD00040420F00680100206C01002070010020CD
:101BE00074010020704710B5012001F0D9FE10BD2E
:101BF00010B5082001F0D4FE10BD10B5102001F082
:101C0000CFFE10BD10B5202001F0CAFE10BDD2EDF0
:101C1000020A92ED021AB6EE000A00EEC10AD2EDF7
:101C2000030A92ED031A00EEC10AD0ED000A20EE7D
:101C3000200AD2ED010A92ED021A60EE810A92EDBD
:101C4000001AD2ED031A41EE210A90ED011A00EEBE
:101C5000810AD2ED010A92ED031A60EE810A92ED3B
:101C6000001AD2ED021A41EE610A90ED021A00EE5E
:101C7000810AF0EE000A20EE200A81ED000A92EDC2
:101C8000010AD2ED020A20EE200AD2ED000A92EDFE
:101C9000031A00EEC10AD0ED000A60EE200A92EDB0
:101CA000011AD2ED011AB6EE000A01EE610AD2ED78
:101CB000031A92ED032AB0EE401A01EEC21AD0EDDB
:101CC000011AB0EE600A01EE210AD2ED020A92ED8D
:101CD000031A60EE810A92ED001AD2ED011A41EE6C
:101CE000210A90ED021A00EE810AF0EE000A20EEC1
:101CF000200A81ED010A92ED010AD2ED030A20EEDD
:101D0000200AD2ED000A92ED021A00EE810AD0ED0F
:101D1000000A20EE200AD2ED020A92ED031A60EECC
:101D2000810A92ED001AD2ED011A41EE610A90ED9E
:101D3000011A00EE810A92ED011AD2ED011AF6EEB7
:101D4000000A41EE610A92ED021AD2ED021A41EE4A
:101D5000610A90ED021A00EE810AF0EE000A20EE10
:101D6000200A81ED020A704772B600BFFEE700004C
:101D700070B52DED0C8B0446A078012817D1607842
:101D8000042814D19FEDFE0A10EE100AC4F82902AF
:101D90009FEDFB0A10EE100AC4F821029FEDF80A2D
:101DA00010EE100AC4F82502BDEC0C8B70BD6078F3
:101DB00040B16078022805D06078042802D06078AD
:101DC000052875D1D4F8110200EE100AF3EE040ACA
:101DD00080EE201A11EE105A284611F01BFD41EC3E
:101DE0001A0BB0EE4A0AF0EE6A0A0CF0A5F8B0EE53
:101DF000408AF0EE608AE348D0ED0E0AD4F8110272
:101E000000EE100A30EEC00A10EE101A084611F06B
:101E100001FD41EC1A0BB0EE4A0AF0EE6A0A0CF032
:101E20008BF8B0EE409AF0EE609A53EC182B51EC20
:101E3000190B11F0BDF919D3D4F81112084611F09D
:101E4000E9FC41EC190BB0EE490AF0EE690A0CF01E
:101E500073F8B0EE408AF0EE608A9FEDCB0B53EC46
:101E6000102B51EC180B11F0A3F97DD29FEDC80A8D
:101E700010EE101AC4F86B119FEDC60A10EE101A7E
:101E8000C4F8A71194F8310200286FD160780528B2
:101E900020D1D4F8320296281CD2D4F832023C2841
:101EA00007D29FEDB70A10EE100AC4F82902F5E038
:101EB0002FE3D4F832029628F9D2B8EE000A10EED9
:101EC000100AC4F829029FEDAE0A10EE100AC4F8F9
:101ED0002102E3E0D4F8110200EE100AA948D0ED87
:101EE0000E0A30EE600ADFEDAC0AB4EEE00AF1EE65
:101EF00010FA09DD90ED0E0ADFEDA80A30EE200A97
:101F0000A74880ED000A1FE0D4F8110200EE100A85
:101F10009C48D0ED0E0A30EE600ADFEDA20AB4EE66
:101F2000E00AF1EE10FA09D290ED0E0ADFED9B0AFD
:101F300030EE600A9A4880ED000A05E0914890ED85
:101F40000E0A974880ED000AD4F8110200EE900ABC
:101F5000934890ED000A04F2671007F042FC10EE7F
:101F6000100AC4F8290299E00BE0FFE794F8310267
:101F7000012805D1BFEE080A10EE100AC4F82902A4
:101F80008CE09FED890A10EE101AC4F86B119FEDDA
:101F9000870A10EE101AC4F8A71194F83102E0BBBA
:101FA000607805281FD1D4F8320296281BD2D4F8C5
:101FB00032023C2806D29FED720A10EE100AC4F8D5
:101FC00029026BE0D4F83202962867D2B8EE000AF4
:101FD00010EE100AC4F829029FED690A10EE100AEB
:101FE000C4F821025AE0D4F8110200EE100A654844
:101FF000D0ED0E0A30EE600ADFED670AB4EEE00ABB
:10200000F1EE10FA0ADD90ED0E0ADFED640A30EE13
:10201000200A674880ED000A20E035E0D4F811027C
:1020200000EE100A5748D0ED0E0A30EE600ADFEDE0
:102030005D0AB4EEE00AF1EE10FA09D290ED0E0A54
:10204000DFED560A30EE600A594880ED000A05E0DF
:102050004C4890ED0E0A564880ED000AD4F8110263
:1020600000EE900A524890ED000A04F2671007F063
:10207000B8FB10EE100AC4F829029FED410A10EED9
:10208000101AC4F8451209E094F83102012805D16C
:10209000BFEE080A10EE100AC4F82902D4F80300B3
:1020A00000EE100ADFED430A80EE201A11EE105AFE
:1020B000284611F0AFFB41EC1A0BB0EE4A0AF0EEE5
:1020C0006A0A0BF039FFB0EE408AF0EE608A2D48C4
:1020D000D0ED040AD4F8030000EE100A30EEC00A76
:1020E00010EE101A084611F095FB41EC1A0BB0EEF9
:1020F0004A0AF0EE6A0A0BF01FFFB0EE409AF0EECB
:10210000609A53EC182B51EC190B11F051F819D3BC
:10211000D4F80310084611F07DFB41EC190BB0EE2A
:10212000490AF0EE690A0BF007FFB0EE408AF0EEC4
:10213000608A9FED210B53EC102B51EC180B11F022
:1021400037F806D29FED1E0A10EE100AC4F81700E9
:1021500005E09FED1C0A10EE100AC4F81700607825
:10216000052856D0607804283CD1064890ED050A31
:102170001548D0ED0A0AB2EE041A70EE810A25E085
:102180000000000080730020000000000000F03F0D
:102190009A99993E6666A63F000034430000B44316
:1021A0004C010020000034C33333333F66660640E1
:1021B0005001002000002042000000000000084004
:1021C0006666663F3333F33F10010020B4EEE00A49
:1021D000F1EE10FA06DD9FEDD30A10EE100AC4F8F6
:1021E0001D0216E0D4F8030000EE900ACE4890EDF0
:1021F000041AB0EE410A04F1130007F0F2FA10EEEF
:10220000100AC4F819021FED220A10EE100AC4F8D1
:102210004700D4F8070000EE100A5FED1A0A80EEBE
:10222000201A11EE105A284611F0F4FA41EC1A0B5C
:10223000B0EE4A0AF0EE6A0A0BF07EFEB0EE408A7B
:10224000F0EE608AB848D0ED050AD4F8070000EE39
:10225000100A30EEC00A10EE101A084611F0DAFA31
:1022600041EC1A0BB0EE4A0AF0EE6A0A0BF064FE7B
:10227000B0EE409AF0EE609A53EC182B51EC190B2B
:1022800010F096FF19D3D4F80710084611F0C2FADF
:1022900041EC190BB0EE490AF0EE690A0BF04CFE66
:1022A000B0EE408AF0EE608A1FED3D0B53EC102B30
:1022B00051EC180B10F07CFF06D21FED3F0A10EE18
:1022C000101AC4F8C11005E0B0EE000A10EE101AA2
:1022D000C4F8C110D4F8070000EE900A924890EDBF
:1022E000051AB0EE410A04F1BD0007F07AFA10EECB
:1022F000100AC4F81D02D4F81D0200EE100AB5EE53
:10230000C00AF1EE10FA4DDDD4F81D0200EE100AFD
:10231000F3EE0E0AB4EEE00AF1EE10FA42D2607863
:1023200004283FD18048D0ED050AD4F8070000EE1C
:10233000100A30EEC00A10EE101A084611F06AFAC0
:1023400041EC190BB0EE490AF0EE690A0BF0F4FD0E
:10235000B0EE408AF0EE608A9FED740B53EC102BC8
:1023600051EC180B10F024FF1CD2D4F81D0200EE23
:10237000100AF3EE0E0A30EE200A10EE100AC4F82E
:102380001D02D4F81D0200EE100A5FED760AB4EECD
:10239000E00AF1EE10FA05DD1FED7A0A10EE100AE0
:1023A000C4F81D02D4F832023C280FD26078052808
:1023B0000CD19FED5C0A10EE100AC4F821021FED4B
:1023C000900A10EE100AC4F82502A8E0D4F83202F0
:1023D00096280FD2607805280CD11FED970A10EED1
:1023E000100AC4F821021FED9A0A10EE100AC4F870
:1023F000250294E004F21524A168084611F00AFAB7
:1024000041EC1B0B2168084611F004FA41EC1D0B4E
:10241000B0EE4D0AF0EE6D0A0CF0C2FBB0EE40CA11
:10242000F0EE60CA53EC1B2B51EC1C0B10F0FCFEC1
:1024300041EC190B6168084611F0ECF941EC1B0BFB
:102440002168084611F0E6F941EC1D0BB0EE4D0A8B
:10245000F0EE6D0A0BF00CFDB0EE40CAF0EE60CA73
:1024600053EC1B2B51EC1C0B10F0DEFE41EC1A0B55
:1024700053EC192B10F02EFC41EC180B10F0F8FB6C
:10248000E0606168084611F0C5F941EC1B0B21685A
:10249000084611F0BFF941EC1D0BB0EE4D0AF0EE0D
:1024A0006D0A0CF07DFBB0EE40CAF0EE60CA53EC52
:1024B0001B2B51EC1C0B10F0B7FE41EC180BA16864
:1024C000084611F0A7F941EC1B0B2168084611F0F2
:1024D000A1F941EC1D0BB0EE4D0AF0EE6D0A0BF0C8
:1024E000C7FCB0EE40CAF0EE60CA53EC1B2B51ECB7
:1024F0001C0B10F099FE41EC1A0B53EC182B11F049
:102500009FF841EC190B10F0B3FB2061A4F21524E5
:1025100005E01FEDE50A10EE100AC4F8250200BF21
:1025200042E400000000C8C28073002000000000E8
:10253000000014402DED108B88B09FEDFE0A10EEC8
:10254000104A9FEDFC0A10EE105A9FEDFB0AFB4863
:1025500080ED080A9FEDFA0A80ED0A0A15E3F948B2
:10256000FFF7E6FAF84880ED000AF4480078B0B9C1
:10257000F64890ED1F0AF14880ED080AF34890ED07
:102580001D0AEE4880ED0A0AF04890ED1C0AEB485F
:1025900080ED0F0A9FEDEE0AEE4880ED000AEB4851
:1025A00090ED1F0AE548D0ED080A30EE600A80ED94
:1025B000090A08E0E14890ED090ADFEDE70A30EE8C
:1025C000600A80ED090ADD4890ED090ADFEDE30AB3
:1025D000B4EEE00AF1EE10FAECDC08E0D74890ED3A
:1025E000090ADFEDDD0A30EE200A80ED090AD34842
:1025F00090ED090ADFEDDA0AB4EEE00AF1EE10FA26
:10260000ECD390ED090AB1EE400A80ED0E0ACF48F6
:1026100090ED1D0AC948D0ED0A0A30EE600A80ED3F
:102620000B0ACA4890ED1C0AC448D0ED0F0A30EEE0
:10263000600A80ED100AB0F9A30100EE100AF8EE6E
:10264000C00A9FEDC81A80EE810A10EE100AC64932
:10265000C860BA48B0F9640200EE100AF8EEC00A89
:102660009FEDC01A80EE810A10EE101ABE48C161BB
:10267000B248B0F9250300EE100AF8EEC00A9FED4B
:10268000B91A80EE810A10EE101AB748C162C0680C
:1026900000EE100ADFEDB50A20EE200A10EE100A57
:1026A000B14988600846C06900EE100ADFEDAF0A44
:1026B00020EE200A10EE100A88610846C06A00EE7B
:1026C000100ADFEDAA0A20EE200A10EE100A886236
:1026D0000846806800EE100A0846806900EE900AFD
:1026E00070EE200A0846806A00EE100A70EE800A3A
:1026F0009FED9F1A80EE810A10EE100A48649FED4C
:102700009D0B0CF04DFAB0EE40CAF0EE60CA964850
:10271000816A084611F07EF841EC1D0B53EC1C2B2E
:1027200010F094FB41EC1A0B9FED920B0CF038FA71
:10273000B0EE40CAF0EE60CA8B488169084611F0DD
:1027400069F841EC1D0B53EC1C2B10F07FFB41ECA6
:102750001B0B53EC1A2B10F073FF41EC180B9FED81
:10276000870B53EC102B10F071FB41EC190B10F0A0
:102770007FFA7D49C8630846806800EE100AB1EE12
:10278000400AF0EE000A20EE200AB0EE081AC0EE71
:10279000010A0846806900EE100AB0EE081AC0EE81
:1027A000011A70EEA10A0846806A00EE100AB0EE27
:1027B000081AC0EE011A30EEA10A10EE100A0864E1
:1027C000284611F027F841EC180B5F48006811F01B
:1027D00021F841EC1A0B6448016C084611F01AF814
:1027E00041EC1C0B5548D0ED0E0A9FED5B1A80EEB4
:1027F000810AF0EE000A20EE200ADFED620A20EEE8
:10280000200A10EE106A304611F004F841EC1E0B5D
:10281000B0EE4E0AF0EE6E0A0CF0C2F9B0EE40DAFD
:10282000F0EE60DA53EC1C2B51EC1D0B10F0FCFCAD
:1028300041EC1B0B53EC1A2B10F0F6FC41EC190B7E
:1028400053EC182B10F0F0FCCDE90401204610F0F9
:10285000E1FF41EC1A0B3C48006810F0DBFF41EC53
:102860001B0B3648D0ED0E0A9FED3B1A80EE810A15
:10287000F0EE000A20EE200ADFED420A20EE200AE8
:1028800010EE106A304610F0C5FF41EC1F0BB0EEA1
:102890004F0AF0EE6F0A0BF0EBFAB0EE40DAF0EE12
:1028A00060DA3148C16B084610F0B4FF41EC1E0BF2
:1028B00053EC1D2B10F0B8FC41EC1C0B53EC1B2B04
:1028C00010F0B2FC53EC1A2BCDE900019DED000B8A
:1028D00051EC100B10F0A8FC41EC180B174890EDD0
:1028E000040A10EE101A084610F094FF41EC190B80
:1028F00053EC182B10F0EEF9CDE902019DED040B1D
:1029000053EC102B9DED020B51EC100B10F098FEC8
:10291000CDE906019DED060B51EC100B10F0A8F966
:1029200006490861204610F075FF41EC180B064877
:10293000006829E035D23A3F666686408073002001
:102940006666E63F00010020F80000203872002093
:1029500000000000040100200000B44300003443E4
:10296000000034C300001042BC7600206E6CCE3EE6
:1029700000003442BF58F28B25BFF03F000000003A
:1029800000000040DB0F494010F044FF41EC1A0BFF
:102990007E48C16B084610F03DFF41EC1C0B7C48A3
:1029A000D0ED0E0A1FED141A80EE810AF0EE000A37
:1029B00020EE200A5FED0D0A20EE200A10EE106ACC
:1029C000304610F027FF41EC1E0BB0EE4E0AF0EE41
:1029D0006E0A0CF0E5F8B0EE40DAF0EE60DA53EC97
:1029E0001C2B51EC1D0B10F01FFC41EC1B0B53EC8E
:1029F0001A2B10F019FC41EC190B53EC182B10F0AA
:102A000013FCCDE90401284610F004FF41EC1A0B39
:102A10006048006810F0FEFE41EC1C0B5C4890ED35
:102A20000E0A1FED331AC0EE010AB0EE000A20EEC6
:102A3000800A5FED2C0A20EE200A10EE106A304664
:102A400010F0E8FECDE900019DED000B0BF010FA4F
:102A5000B0EE40EAF0EE60EA4C48016C084610F037
:102A6000D9FE41EC1F0B53EC1E2B10F0DDFB41ECAB
:102A70001D0B53EC1C2B10F0D7FB41EC1B0B53EC44
:102A80001A2B10F0D1FB41EC180B414890ED050AD0
:102A900010EE101A084610F0BDFE41EC190B53EC75
:102AA000182B10F017F9CDE902019DED040B53EC42
:102AB000102B9DED020B51EC100B10F00BF9CDE932
:102AC00006019DED060B51EC100B10F0D1F83049CA
:102AD00048612E48406C00EE100A2E48D0ED000AE6
:102AE00060EE200A9FED2C1A80EE810A5FED650AE8
:102AF00020EE200ADFED290A20EE200A10EE106AEF
:102B0000304610F087FE41EC1B0B9FED250B53EC7C
:102B1000102B10F089FB41EC190B2348006810F0D2
:102B200079FE41EC1A0B53EC192B10F0D3F841EC61
:102B3000180B10F09DF81C490860084690ED000A3B
:102B40005FED7A0AB4EEE00AF1EE10FA08DD90EDDE
:102B5000000A5FED7F0A30EE600A80ED000A11E0A6
:102B6000114890ED000A5FED820AB4EEE00AF1EE42
:102B700010FA07D290ED000A5FED890A30EE200AC4
:102B800080ED000A0D200FF063F8E8E4BC76002029
:102B900080730020F8000020C3F548406B82483F56
:102BA00091990B5C1E6BEF3F0401002030B503468A
:102BB00013B94FF6FF7030BD09E013F8014B82EAFC
:102BC0000400C0B2054D35F8100080EA2222081E2C
:102BD000A1F10101F1D11046EDE700007C3D0108B3
:102BE00070B50A480468001D0568001D0668344475
:102BF00054B108220649204605F0CAF804220449C7
:102C00001031284605F0C4F870BD0000107AFF1F8F
:102C10008205002010B5024692F82030012B01D029
:102C2000022B06D1106840690843146860610020D7
:102C300010BD506A40F4802050620120F8E7F0B5E2
:102C400004460D461E4694F8207020688368A868E4
:102C500000B900E000BF012F01D0022F7CD103F0AA
:102C6000806030B903F0006018B903F0805000288C
:102C700073D0C3F30161022905D9606A40F40000F2
:102C800060620120F0BD012088403060A86860B912
:102C9000B5F800C0E86840EA4C5C206800F5C070F8
:102CA00000EB0110C0F800C00FE0D5E901C040EA18
:102CB000CC00D5F80CC040EA0C00D4F800C00CF5EC
:102CC000C07C0CEB011CCCF80000D5F810C02068CB
:102CD00000F5C07000EB0110C0F804C0287D012889
:102CE0000ED1206800F5C07000EB0110406840F480
:102CF000807C206800F5C07000EB0110C0F804C0B3
:102D0000D079000692F806C040EA0C4092F805C05F
:102D100040EA0C2C10794CEA000C206800F5C070D9
:102D200000EB0110C0F80CC0D078000692F802C089
:102D300040EA0C4092F801C040EA0C2092F800C032
:102D400040EA0C00D4F800C00CF5C07C0CEB011C70
:102D5000CCF80800206801E016E00FE000F5C07034
:102D600000EB0110006840F0010C206800F5C07015
:102D700000EB0110C0F800C0002083E7606A40F457
:102D80000010606201207DE7606A40F4802060628C
:102D9000012077E7F0B504460A46216894F82050F0
:102DA000012D01D0022D7ED1424901F50071086844
:102DB00040F001000860086820F47C500860086852
:102DC000566A40EA06200860107D00F01F060120C8
:102DD00000FA06F3C8699843C861A1F50071D0698B
:102DE000C8B9D1F80C029843C1F80C02908880B29F
:102DF000968940EA064601F51070576940F8376039
:102E0000108880B2168940EA064601F510705769AD
:102E100000EBC7004660D069012819D1D1F80C0237
:102E20001843C1F80C02908880B2168840EA064622
:102E300001F51070576940F83760908980B21689A3
:102E400040EA064601F51070576900EBC70046607E
:102E5000906928B9D1F804029843C1F8040204E04B
:102E6000D1F804021843C1F80402106928B9D1F856
:102E700014029843C1F8140204E0D1F81402184374
:102E8000C1F81402106A012804D1D1F81C021843B9
:102E9000C1F81C02D1F8000220F00100C1F80002C4
:102EA0000020F0BDFFE7606A40F4802060620120EE
:102EB000F7E7000000640040704770B5044694F8DE
:102EC0002050012D01D0022D7DD151B92068C0685C
:102ED00000F0030080B9606A40F4001060620120D5
:102EE00070BD2068006900F0030028B9606A40F4F2
:102EF000001060620120F3E7206800F5D87000EB55
:102F00000110006800F004009060906840B92068EB
:102F100000F5D87000EB01100068400D106007E06C
:102F2000206800F5D87000EB01100068C008506000
:102F3000206800F5D87000EB0110006800F0020076
:102F4000D060206800F5D87000EB0110406800F0F8
:102F50000F001061206800F5D87000EB0110406888
:102F600000F47F40000A9061206800F5D87000EB03
:102F700001104068000C5061206800F5D87000EB2B
:102F8000011080681870206800F5D87000EB0110FF
:102F9000806800F47F40000A5870206800F5D870FF
:102FA00000EB0110806800F47F00000C987020682E
:102FB00000F5D87000EB01108068000ED870206812
:102FC00000F5D87000E02FE000EB0110C068187128
:102FD000206800F5D87000EB0110C06800F47F4055
:102FE000000A5871206800F5D87000EB0110C06825
:102FF00000F47F00000C9871206800F5D87000EB99
:103000000110C068000ED87131B92068C06840F066
:1030100020002668F06005E02068006940F020008C
:103020002668306100205BE7606A40F480206062BF
:10303000012055E72DE9F05F044600252068466928
:103040002068D0F80490206887682068D0F80CA029
:103050002068D0F810B02068D0F8188006F0010081
:10306000002855D007F00100C0B101202168886018
:1030700007F0020018B1204600F05FFA0EE007F0FA
:10308000040010B145F4006508E007F0080010B135
:1030900045F4805502E0204600F04EFA07F48070B7
:1030A000C8B14FF480702168886007F4007018B1CF
:1030B000204600F044FA0EE007F4806010B145F4B9
:1030C000005508E007F4006010B145F4804502E0C7
:1030D000204600F033FA07F48030C8B14FF4803056
:1030E0002168886007F4003018B1204600F029FA02
:1030F0000EE007F4802010B145F4004508E007F425
:10310000002010B145F4803502E0204600F018FAA6
:1031100006F0080038B10AF0100020B145F400753F
:1031200010202168C86006F0040040B10AF00800D1
:1031300028B108202168C860204600F0B1F906F0E7
:10314000020038B12068C06800F0030010B12046CA
:1031500000F0A8F906F0400038B10BF0100020B1E3
:1031600045F4806510202168086106F0200040B118
:103170000BF0080028B1082021680861204600F003
:10318000A9F906F0100038B12068006900F00300CA
:1031900010B1204600F09FF906F4003040B109F06C
:1031A000100028B1102021684860204600F094F9F2
:1031B00006F4803040B109F0080028B108202168E9
:1031C0004860204600F0BEF906F4004088B309F0DC
:1031D000040078B306F4807020B108F0010008B153
:1031E00045F0010506F4007020B108F0020008B1B6
:1031F00045F0020506F4806020B108F0040008B133
:1032000045F0040506F40060A0B108F0700088B134
:1032100008F07000402817D006DC10280BD02028BA
:103220000CD0302819D10CE0502810D0602814D1CF
:1032300010E01DE019E045F008050FE045F010052D
:103240000CE045F0200509E045F0400506E045F0BA
:10325000800503E045F4807500E000BF00BF2068F2
:10326000806920F07000216888610420216848602E
:103270002DB1606A284360622046FFF71DFEBDE85D
:10328000F09F70B504460CB9012070BD94F8200081
:1032900010B9204600F0B0F82068006840F0010046
:1032A0002168086000F08AFC05460DE000F086FC0D
:1032B000401B0A2808D9606A40F40030606205208B
:1032C00084F820000120E0E72068406800F0010059
:1032D0000028EBD02068006820F002002168086018
:1032E00000F06CFC05460DE000F068FC401B0A286D
:1032F00008D9606A40F400306062052084F820003C
:103300000120C2E72068406800F002000028EBD1ED
:10331000207E012806D12068006840F080002168E6
:10332000086005E02068006820F0800021680860DF
:10333000607E012806D12068006840F040002168C6
:10334000086005E02068006820F0400021680860FF
:10335000A07E012806D12068006840F02000216886
:10336000086005E02068006820F0200021680860FF
:10337000E07E012806D12068006820F01000216856
:10338000086005E02068006840F0100021680860CF
:10339000207F012806D12068006840F008002168DD
:1033A000086005E02068006820F0080021680860D7
:1033B000607F012806D12068006840F00400216881
:1033C000086005E02068006820F0040021680860BB
:1033D000D4E902010843216908436169084361682F
:1033E000491E08432168C86100206062012084F8FA
:1033F0002000002049E7000010B586B004461421E3
:1034000001A8FDF7FCF82349206888423FD100BF9E
:10341000002000902048006840F000701E490860BD
:103420000846006800F00070009000BF00BF00BFB9
:103430000020009018481038006840F00800164935
:10344000103908600846006800F00800009000BFCE
:1034500000BF03200190022002900020039003206F
:1034600004900920059001A90C4800F0A7FA002259
:103470000521132000F032FC132000F01FFC002275
:103480000521142000F02AFC142000F017FC06B0DF
:1034900010BD00000064004040380240000C0240B3
:1034A0007047000010B58AB0044608492068884279
:1034B00009D101AB03AA00210548FFF7FEFC03A9CF
:1034C00001A805F08FFE0AB010BD000000640040A6
:1034D000E80C002070477047704770B5044694F8B8
:1034E0002000012822D1022084F8200020680068F2
:1034F00020F001002168086000F060FB05460DE047
:1035000000F05CFB401B0A2808D9606A40F40030D8
:103510006062052084F82000012070BD20684068AA
:1035200000F001000028EBD16062F6E7606A40F429
:10353000002060620120F0E77047704770477047D5
:1035400070477047704770B50446A56D00F036FBB4
:10355000064694F83500022808D08020606500BF38
:10356000002084F8340000BF012070BD206800688E
:1035700020F01600216808602068406920F0800073
:1035800021684861206C08B9A06C28B120680068E7
:1035900020F00800216808602068006820F0010021
:1035A0002168086010E000F009FB801B05280BD99A
:1035B00020206065032084F8350000BF002084F8D7
:1035C000340000BF0320D0E72068006800F001004D
:1035D0000028E8D194F85C103F208840A8600120C2
:1035E00084F8350000BF002084F8340000BF00BF1D
:1035F000BBE7014691F83500022803D080204865DA
:1036000001207047052081F835000868006820F027
:1036100001000A6810600020F3E70000F8B50446D6
:10362000002000908C4800684FF41651B0FBF1F771
:10363000A56D2E6894F85C1008208840304098B141
:103640002068006800F0040070B12068006820F075
:1036500004002168086094F85C1008208840A86085
:10366000606D40F00100606594F85C1001208840B6
:10367000304068B12068406900F0800040B194F8A3
:103680005C1001208840A860606D40F00200606519
:1036900094F85C1004208840304068B120680068CD
:1036A00000F0020040B194F85C1004208840A8604B
:1036B000606D40F00400606594F85C101020884054
:1036C000304078B32068006800F0080050B394F8E8
:1036D0005C1010208840A8602068006800F48020FA
:1036E00080B12068006800F4002028B9206CC8B1BF
:1036F0002046216C884715E0A06C98B12046A16C4B
:1037000088470FE02068006800F4807028B92068BE
:10371000006820F0080021680860206C10B1204685
:10372000216C884794F85C102020884030400028A5
:1037300065D02068006800F0100000285FD094F881
:103740005C1020208840A86094F83500052828D116
:103750002068006820F01600216808602068406931
:1037600020F0800021684861206C08B9A06C28B165
:103770002068006820F008002168086094F85C1058
:103780003F208840A860012084F8350000BF002059
:1037900084F8340000BF206D10B12046216D8847A9
:1037A000F8BD2068006800F4802080B120680068BF
:1037B00000F4002028B9606C10B12046616C884785
:1037C0001DE0E06BD8B12046E16B884717E0206828
:1037D000006800F4807068B92068006820F010006C
:1037E00021680860012084F8350000BF002084F8BB
:1037F000340000BFE06B10B12046E16B8847606D7C
:1038000038B3606D00F00100F0B1052084F8350098
:103810002068006820F001002168086000BF00985F
:10382000401C0090B84200D905E02068006800F014
:1038300001000028F3D100BF012084F8350000BF4B
:10384000002084F8340000BFE06C10B12046E16C29
:10385000884700BFA4E70000240000202DE9F041C4
:103860000446002500F0AAF9074614B90120BDE876
:10387000F081606A00B100BF022084F8350000BF0B
:10388000002084F8340000BF2068006820F00100A8
:10389000216808600AE000F091F9C01B052805D9ED
:1038A00020206065032084F83500E0E72068006888
:1038B00000F001000028EED120680568214805408D
:1038C000D4E901010843E1680843216908436169BB
:1038D0000843A1690843E1690843216A0843054395
:1038E000606A042803D1D4E90B010843054320682A
:1038F00005602068456925F00705606A0543606A30
:1039000004280DD1A06A0543E06A48B12046FEF7BD
:10391000A1F828B140206065012084F83500A6E7B1
:10392000206845612046FEF77BF8064694F85C1057
:103930003F208840B06000206065012084F8350099
:10394000002094E73F8010F070B5044600F036F98F
:1039500006462546681C10B104480078054400BF9F
:1039600000F02CF9801BA842FAD370BD2000002083
:10397000012811D10949097819B1084909780129A3
:1039800003D10221054A117006E004490978022991
:1039900002D10121014A117070470000807300209C
:1039A00010B5044604480068204020B10248046075
:1039B0002046FFF7DDFF10BD143C0140F8B502467C
:1039C0000B460025002400200021D6E0012606FA3F
:1039D00001F51E6806EA0504AC4274D11E7906F0B2
:1039E0000306012E04D01E7906F00306022E13D121
:1039F00090684F000326BE40B0434F00DE68BE40D3
:103A000030439060506801268E40B0431E79C6F363
:103A100000168E40304350601E7906F00306032ED8
:103A200009D0D0684F000326BE40B0434F009E68C7
:103A3000BE403043D0601E7906F00306022E13D13B
:103A4000CF0802F1200656F827004E07F70E0F2682
:103A5000BE40B0434F07FF0E1E69BE403043CF0843
:103A600002F1200646F8270010684F000326BE40EA
:103A7000B0431E7906F003064F00BE40304310608D
:103A80005E6806F44036002E76D000BF0026009611
:103A90003C4E366846F480463A4F3E603E463668B5
:103AA00006F48046009600BF00BF374E8F0856F8D8
:103AB00027008E07370F0F26BE40B043334EB24269
:103AC00002D1002624E057E0314EB24201D1012656
:103AD0001EE0304EB24201D1022619E02E4EB24213
:103AE00001D1032614E02D4EB24201D104260FE08D
:103AF0002B4EB24201D105260AE02A4EB24201D134
:103B0000062605E0284EB24201D1072600E008262D
:103B10008F073F0FBE4030431B4E8F0846F82700EB
:103B2000224E3068A0435E6806F4801606B120433A
:103B30001E4E3060361D3068A0435E6806F40016E5
:103B400006B12043194E361D3060184E361F3068BE
:103B5000A0435E6806F4003606B12043134E361FBC
:103B60003060361F3068A0435E6806F4803606B1C8
:103B700020430E4E083E3060491C1029FFF426AF4A
:103B8000F8BD0000443802400838014000000240FF
:103B90000004024000080240000C024000100240F5
:103BA0000014024000180240001C0240083C014082
:103BB0000AB1816101E00B0483617047014800682C
:103BC0007047000018000020034800680349097886
:103BD00008440149086070471800002020000020B8
:103BE00010B50D48006840F400700B4908600846A5
:103BF000006840F4806008600846006840F4807007
:103C00000860032000F0A8F80F2000F007F800F08B
:103C10002BF8002010BD0000003C024070B50446A7
:103C20000E4800784FF47A71B1FBF0F00C49096846
:103C3000B1FBF0F5284601F03CFD08B1012070BD54
:103C4000102C07D200222146501E00F047F80548EC
:103C5000046001E00120F2E70020F0E720000020EE
:103C6000240000201C00002008B500BF00200090A8
:103C70001148006840F480400F4908600846006819
:103C800000F48040009000BF00BF00BF0020009003
:103C9000081F006840F08050091F0860084600684F
:103CA00000F08050009000BF00BF00220F21901E46
:103CB00000F014F808BD00004438024001460846F0
:103CC000002809DB00F01F0301229A4043099B00F2
:103CD00003F1E023C3F8002100BF70472DE9F05F36
:103CE00080460D461646002709F05CFE0746394619
:103CF0002A46334601F00700C0F1070ABAF1040F63
:103D000002D94FF0040A01E0C0F1070AD14600F1E0
:103D1000040ABAF1070F02D24FF0000A01E0A0F145
:103D2000030AD4464FF0010A0AFA09FAAAF1010A75
:103D30000AEA020A0AFA0CFA4FF0010B0BFA0CFB22
:103D4000ABF1010B0BEA030B4AEA0B042146404698
:103D500009F030FEBDE8F09F00BF00F00702064BFF
:103D600019684FF6FF031940044B0B4343EA022145
:103D7000014B196000BF70470CED00E00000FA0530
:103D8000704702461068416200207047F0B5034654
:103D900015461868446A21B944EA05401E68B062B5
:103DA00019E01868806A04EB1044002208E01868E3
:103DB00000F5827050F8220004EB1044501CC2B28F
:103DC000481E9042F3D844EA0547186800F582700F
:103DD0004E1E40F826700020F0BD10B50446D4F801
:103DE000080507F0D2FF10BD70B504460D4605EB7F
:103DF000C50304F13C0101EB83010A692946D4F8AB
:103E0000080507F0BDFE70BD70B504460D4605EB14
:103E1000C50304F51F7101EB83010A692946D4F833
:103E2000080507F031FF70BD10B50446D4F8080549
:103E300007F0AEFF10BD2DE9F04104460D4605F038
:103E40008000802808D105F00F0000EBC00104F1CC
:103E50003C0000EB810607E005F00F0000EBC0011D
:103E600004F51F7000EB81063146206809F082FAE4
:103E700007463846BDE8F08170B504460E4606F0A8
:103E8000800080280AD106F00F0000EBC00104F189
:103E90003C0000EB81050120687009E006F00F008E
:103EA00000EBC00104F51F7000EB81050020687075
:103EB00006F00F00287000BF94F8BC04012801D15F
:103EC000022070BD012084F8BC0400BF2946206890
:103ED00008F030FD00BF002084F8BC0400BF00BF24
:103EE000EFE770B504460E4606F00F0061688842A1
:103EF00001D9012070BD06F0800080280AD106F0AB
:103F00000F0000EBC00104F13C0000EB8105012033
:103F1000687009E006F00F0000EBC00104F51F70A7
:103F200000EB8105002068700020A87006F00F00EB
:103F3000287000BF94F8BC04012801D10220D9E701
:103F4000012084F8BC0400BF2946206808F0DAFF8D
:103F500000BF002084F8BC0400BF00BFCAE70246CF
:103F600001F00F0000EBC00302F51F7000EB8300AF
:103F7000006A70472DE9F04705460E4690461F46F9
:103F80004FF0000906F0800080280AD106F00F00EB
:103F900000EBC00105F13C0000EB810401206070E2
:103FA00009E006F00F0000EBC00105F51F7000EB03
:103FB00081040020607006F00F002070C4F80C80AF
:103FC0002771607808B120782081022F01D100206C
:103FD000607100BF95F8BC04012802D10220BDE841
:103FE000F087012085F8BC0400BF2146286808F04E
:103FF000B7FB00BF002085F8BC0400BF4846EEE7D1
:104000002DE9F04104460E461746984606F00F008B
:1040100000EBC00104F51F7000EB81052F61C5F8AE
:10402000188000202862687006F00F002870206950
:10403000012800D16F6106F00F0028B9227C2946C3
:10404000206808F039FE04E0227C2946206808F048
:10405000EDFF0020BDE8F08170B504460D4605F087
:104060000F006168884201D9012070BD05F0800011
:1040700080280AD105F00F0000EBC00104F13C00DC
:1040800000EB81060120707007E005EBC50104F527
:104090001F7000EB8106002070700120B07005F0E9
:1040A0000F00307000BF94F8BC04012801D1022039
:1040B000DBE7012084F8BC0400BF3146206808F02B
:1040C00068FF05F00F0028B9217C04F2C442206883
:1040D00008F0E0FE00BF002084F8BC0400BF00BF71
:1040E000C3E72DE9F04104460E461746984606F010
:1040F0000F0000EBC00104F13C0000EB81052F61D3
:10410000C5F81880002028620120687006F00F00B2
:1041100028702069012800D16F6106F00F0028B9CE
:10412000227C2946206808F0C7FD04E0227C29464D
:10413000206808F07BFF0020BDE8F0812DE9FE4FEC
:104140000446D4F800B05E46206809F0FAF9002869
:1041500074D1206809F034FA08B9BDE8FE8F40F642
:1041600008008059C0F30D20C4F8FC04206809F051
:1041700027FA00F00200022805D12068406900F00B
:10418000020021684861206809F01AFA00F0100066
:10419000102845D12068806920F0100021688861CE
:1041A000DBF8209009F00F0000EBC00104F51F7050
:1041B00000EB810AC9F3434002281AD147F6F07098
:1041C00009EA000030B3C9F30A125846DAF81010B1
:1041D00009F0FBF9C9F30A11DAF810000844CAF82B
:1041E0001000C9F30A11DAF820000844CAF82000C8
:1041F00010E0C9F3434006280CD1082204F2C44160
:10420000584609F0E2F9C9F30A11DAF82000084427
:10421000CAF820002068806940F010002168886199
:10422000206809F0CDF900F40020B0F5002F7BD113
:104230000025206809F094F9029072E0E1E202980A
:1042400000F00100002868D0E9B2206809F0ABF95D
:10425000804608F0010048B1012106F5306000EB0E
:10426000451081602946204605F0BEF908F0080097
:10427000082809D1082106F5306000EB451081605F
:104280002946204605F07EF908F01000102805D1D7
:10429000102106F5306000EB4510816008F0020047
:1042A000022824D1DBF8140000F08000802807D118
:1042B00040F60400805940F4806140F604008151CA
:1042C00005EBC50104F51F7000EB810A9AF80300A5
:1042D000012806D100208AF80300E9B2204600F048
:1042E0009BFA022106F5306000EB4510816008F072
:1042F0002000202805D1202106F5306000EB451074
:10430000816008F40050B0F5005F06D14FF4005111
:1043100006F5306000EB451081606D1C0298400886
:104320000290029800288AD1206809F049F900F427
:104330008020B0F5802F7DD1206809F007F9029028
:1043400000259AE0029800F00100002873D0E9B23D
:10435000206809F00FF9804608F00100F0B305F07D
:104360000F0101208840019040F6340081590198E6
:1043700021EA000040F634018851012106F5106061
:1043800000EB451081602069012824D105EBC501AF
:1043900004F13C0000EB810005EBC502016904F16A
:1043A0003C0000EB8200C068014405EBC50204F14B
:1043B0003C0000EB820001616DB905EBC50104F121
:1043C0003C0000EB8100806928B904F2C44201215D
:1043D000206808F05FFDE9B2204600E001E0FFF749
:1043E00003FD08F00800082805D1082106F5106033
:1043F00000EB4510816008F01000102805D1102155
:1044000006F5106000EB4510816008F04000402880
:1044100005D1402106F5106000EB4510816008F0E1
:10442000020002281DD12946584609F04BF805EB39
:10443000C50101E025E01CE004F13C0000EB810A2D
:104440009AF80300012806D100208AF80300E9B297
:10445000204600F0D8F9022106F5106000EB451067
:10446000816008F08000802803D12946204605F0AD
:104470005DF96D1C029840080290029800287FF4B4
:1044800061AF206809F09CF800F00040B0F1004FE7
:104490001CD140F60400805920F0010140F60400D0
:1044A000815194F8F404012807D1002084F8F40421
:1044B00000212046FFF764FC02E0204600F0D4FA19
:1044C0002068406900F0004021684861206809F0D8
:1044D00077F800F40060B0F5006F0ED140F60800E8
:1044E000805900F0010010B1204600F015FB206853
:1044F000406900F4006021684861206809F060F8B4
:1045000000F48050B0F5805F7ED140F60400805901
:1045100020F0010140F6040081511021206808F0CC
:10452000D1FF002732E04FF67F3106F5106000EB37
:104530004710816006F5106000EB4710006820F41A
:10454000001106F5106000EB471001604FF67F3157
:1045500006F5306000EB4710816006F5306000EB37
:104560004710006820F4001106F5306000EB47109A
:10457000016006F5306000EB4710006840F0006114
:1045800006F5306000EB471001607F1C6068B842A0
:10459000C9D840F61C00805940F0011140F61C00BB
:1045A0008151206B70B1D6F8840840F00B01C6F839
:1045B000841840F64400805940F00B0140F6440056
:1045C00081510FE040F61400805942F22B0108435C
:1045D00040F614018851081F805940F00B014FF438
:1045E00001608151D6F8000820F4FE60C6F800088A
:1045F000217C04F2C442206808F04CFC2068406929
:1046000000F48050216800E000E04861206808F074
:10461000D7FF00F40050B0F5005F17D1206808F014
:1046200007F9206808F07AFFE06000F051FB009085
:10463000227B2068009909F04BF8204600F0FCF935
:104640002068406900F4005021684861206808F043
:10465000B7FF00F00800082808D1204600F00BFA48
:104660002068406900F0080021684861206808F06F
:10467000A7FF00F08000802818D1DBF8180020F098
:104680008000CBF8180001250DE005EBC50104F50D
:104690001F7000EB8100C078012803D1E9B22046E9
:1046A000FFF7C9FB6D1C6068A842EED8206808F0CF
:1046B00087FF00F48010B0F5801F2DD1012522E086
:1046C00006F5106000EB4510D0F8009005EBC50131
:1046D00004F13C0000EB81000079012812D109F0BF
:1046E0000040B0F1004F0DD1012105EBC50204F1EE
:1046F0003C0000EB8200C170E8B240F0800120462F
:10470000FFF799FB6D1C6068A842D9D82068406902
:1047100000F4801021684861206808F051FF00F41F
:104720000010B0F5001F44D1012538E006F53060D7
:1047300000EB4510D0F8009005EBC50104F51F70A3
:1047400000EB81000079012828D109F00040B0F188
:10475000004F23D109F4803094F8FC1401F00101DA
:1047600088421BD1012105EBC50204F51F7000EB47
:104770008200C170DBF8180040F08000CBF8180010
:10478000DBF8140000F0800040B940F604008059C6
:1047900040F4007140F60400815103E06D1C606834
:1047A000A842C3D800BF2068406900F40010216807
:1047B0004861206808F004FF00F08040B0F1804FAD
:1047C00008D12046FFF709FB2068406900F08040CF
:1047D00021684861206808F0F3FE00F00400042816
:1047E0000FD12068D0F8049009F00400042802D109
:1047F0002046FFF719FB2068406840EA090021685D
:10480000486000BFA9E470B504460D462946D4F8B7
:10481000080507F029FB70BD70B504460D46294612
:10482000D4F8080507F044FB70BD70B58AB00446A3
:1048300014B901200AB070BD266894F8BD0428B9E7
:10484000002084F8BC04204600F0A2F8032084F87D
:10485000BD04F06B00F4807008B90021216120686C
:1048600008F022FA282204F110016846FBF76BFEDB
:1048700094E80F0007F0F0FF20B1022084F8BD0497
:104880000120D7E70021206808F0CFFE002531E0A5
:10489000012105EBC50204F13C0000EB82004170F0
:1048A00005EBC50104F13C0000F8215005EBC50102
:1048B00000EB81000581002105EBC50204F13C00FD
:1048C00000EB8200017105EBC50204F13C0000EB36
:1048D0008200C16005EBC50204F13C0000EB8200E0
:1048E000016105EBC50204F13C0000EB820081612F
:1048F000681CC5B26068A842CAD800252AE0002119
:1049000005EBC50204F51F7000EB8200417005EB5A
:10491000C50104F51F7000F82150002105EBC50208
:1049200000EB8200017105EBC50204F51F7000EB7E
:104930008200C16005EBC50204F51F7000EB820028
:10494000016105EBC50204F51F7000EB8200816177
:10495000681CC5B26068A842D1D8282204F11001B1
:104960006846FBF7F0FD94E80F0008F0ADF820B1C1
:10497000022084F8BD0401205CE7002084F83800A0
:10498000012084F8BD04206808F08CF8002051E76D
:1049900010B586B00446142101A8FBF730FE20684C
:1049A000B0F1A04F42D100BF002000902048006825
:1049B00040F001001E4908600846006800F0010050
:1049C000009000BF00BF4FF4C05001900220029041
:1049D00000200390032004900A20059001A91548A7
:1049E000FEF7ECFF00BF1248001D006840F0800099
:1049F0000F49091D086000BF002000900C481430CA
:104A0000006840F480400A49143108600846006894
:104A100000F48040009000BF00BF00BF00220521CD
:104A20004320FFF75BF94320FFF748F906B010BDBC
:104A3000303802400000024070B504460125E068AD
:104A400008B9002506E0E068022801D1012501E04F
:104A5000FDF78AF92946D4F8080507F0D2FAD4F808
:104A6000080507F079FA70BD10B50446D4F80805BA
:104A700007F0A8FA10BD10B50446D4F8080507F0F1
:104A8000ACFA10BD70B504460D4600BF94F8BC04E6
:104A9000012801D1022070BD012084F8BC0400BFB0
:104AA00084F838502946206808F0F3FD00BF002044
:104AB00084F8BC0400BF00BFEDE710B5044604F263
:104AC000C441D4F8080507F0B3FA10BD70B5044628
:104AD000256800BF94F8BC04012801D1022070BDF4
:104AE000012084F8BC0400BFA06A012806D1A06997
:104AF000012803D0A86B40F48030A863206808F038
:104B0000AFFC206807F0BCFF00BF002084F8BC04A5
:104B100000BF00BFE3E7000010B50446D4F8080565
:104B200007F0E3FA2068D0F8000E40F00100216899
:104B3000C1F8000E206A28B10348006840F0060062
:104B40000149086010BD000010ED00E070B504469A
:104B50000D460CB9012070BD5848006800F00700F0
:104B6000A84209D255490D700846006800F00700B8
:104B7000A84201D00120EEE7207800F002000228D0
:104B80001DD1207800F00400042805D14C480068AD
:104B900040F4E0504A490860207800F008000828F6
:104BA00005D14748006840F46040454908604448E2
:104BB000006820F0F000A1680843414908602078AF
:104BC00000F00100A8B36068012807D13C4808380C
:104BD0000068C0F34040B8B90120BCE76068022813
:104BE00002D06068032807D1354808380068C0F350
:104BF000406048B90120AEE7314808380068C0F38A
:104C0000400008B90120A6E72D48006820F0030005
:104C1000616808432A490860FEF7D0FF064609E0AC
:104C2000FEF7CCFF801B41F28831884202D9032075
:104C300091E707E02248006800F00C006168B0EBE3
:104C4000810FEDD11D48006800F00700A84209D986
:104C50001A490D700846006800F00700A84201D00C
:104C6000012078E7207800F00400042807D11448D8
:104C7000006820F4E050E16808431149086020789A
:104C800000F00800082808D10D48006820F46040B2
:104C9000216940EAC1000A49086000F03FF808496C
:104CA0000968C1F30311074A515CC840064908600E
:104CB00006480068FEF7B2FF00204CE7003C0240C7
:104CC00008380240643D0108240000201C00002038
:104CD00001480068704700002400002000B5FFF77D
:104CE000F7FF04490968C1F38221034A515CC840B7
:104CF00000BD000008380240743D010800B5FFF710
:104D0000E7FF04490968C1F34231034A515CC840D6
:104D100000BD000008380240743D01082DE9F0474D
:104D2000002400250026A1462548006800F00C005C
:104D300020B1042805D008283AD105E0DFF8849096
:104D400039E0DFF8849036E01D48001F006800F06D
:104D50003F041B48001F006800F4800078B11A4827
:104D60001749091F0968C1F38811A0FB01700146AA
:104D7000224600233846FBF72AFB05460EE0114881
:104D80000F49091F0968C1F38811A0FB0170014692
:104D9000224600233846FBF71AFB05460848001F49
:104DA0000068C0F30140401C4600B5FBF6F902E084
:104DB000DFF8109000BF00BF4846BDE8F087000054
:104DC000083802400024F400001BB700F8B5044680
:104DD0000CB90120F8BD207800F00100002874D043
:104DE000F948006800F00C0004280DD0F64800686F
:104DF00000F00C00082813D1F348001F006800F4ED
:104E00008000B0F5800F0BD1EF4808380068C0F380
:104E10004040002859D06068002856D10120D9E7C9
:104E200000BF6068B0F5803F08D1E74808380068E7
:104E300040F48030E449083908601EE06068B0F54D
:104E4000A02F0DD1E0480838006840F48020DE49EA
:104E5000083908600846006840F4803008600CE0BB
:104E6000D9480838006820F48030D74908390860EC
:104E70000846006820F48020086000BF606890B198
:104E8000FEF79CFE054606E0FEF798FE401B6428F0
:104E900001D903209EE7CC4808380068C0F34040A1
:104EA0000028F1D011E0FEF789FE054606E0FEF786
:104EB00085FE401B642801D903208BE7C2480838CF
:104EC0000068C0F340400028F1D1207800F00200D3
:104ED00002285FD1BC48006800F00C0058B1BA4805
:104EE000006800F00C0008281CD1B748001F0068BB
:104EF00000F48000B0B9B44808380068C0F340003E
:104F000020B1E068012801D0012063E7AE480838ED
:104F1000006820F0F800216940EAC100AA49083978
:104F2000086037E0E06800B30120A8490860FEF798
:104F300045FE054606E0FEF741FE401B022801D96A
:104F4000032047E7A04808380068C0F34000002865
:104F5000F1D09D480838006820F0F800216940EA47
:104F6000C10099490839086014E000209749086099
:104F7000FEF724FE054606E0FEF720FE401B022851
:104F800001D9032026E7904808380068C0F34000A4
:104F90000028F1D1207800F0080008282CD16069A1
:104FA000A8B101208A490860FEF708FE054606E020
:104FB000FEF704FE401B022801D903200AE78248BD
:104FC0006C300068C0F340000028F1D014E00020ED
:104FD0007F490860FEF7F2FD054606E0FEF7EEFDAC
:104FE000401B022801D90320F4E677486C300068A2
:104FF000C0F340000028F1D1207800F0040004281C
:1050000070D1002770483830006800F0805090B9A7
:1050100000BF002000906C483830006840F080509D
:105020006949383108600846006800F080500090F7
:1050300000BF00BF01276748006800F48070B0B966
:105040006448006840F4807062490860FEF7B6FD6D
:10505000054606E0FEF7B2FD401B022801D90320F9
:10506000B8E65C48006800F480700028F2D000BF09
:10507000A068012808D154486830006840F0010059
:105080005149683108601DE0A06805280DD14E48DF
:105090006830006840F004004B49683108600846F9
:1050A000006840F0010008600CE047486830006884
:1050B00020F001004449683108600846006820F08B
:1050C0000400086000BFA068A8B1FEF777FD0546A0
:1050D00009E0FEF773FD401B41F28831884202D996
:1050E000032077E626E0384868300068C0F34000C7
:1050F0000028EED013E0FEF761FD054608E0FEF75C
:105100005DFD401B41F28831884201D9032061E6F0
:105110002D4868300068C0F340000028EFD1012F0F
:1051200007D129483830006820F0805026493831AE
:10513000086000BFA069002845D02348006800F03F
:105140000C0008285DD0A069022845D100201F4925
:105150000866FEF733FD054606E0FEF72FFD401B0F
:10516000022801D9032035E6174808380068C0F343
:1051700040600028F1D1D4E907010843616A40EAA0
:1051800081110122A06AC2EB500041EA00412C20AB
:10519000005D41EA00600C49091F086001200B49CD
:1051A0000866FEF70BFD054606E0FEF707FD401B0F
:1051B000022801D903200DE6034808380068C0F32F
:1051C00040600028F1D049E0083802400000474222
:1051D000800E474200700040002021490866FEF71B
:1051E000EDFC054606E0FEF7E9FC401B022801D96C
:1051F0000320EFE51B480068C0F340600028F2D1AF
:105200002CE0A069012800D1E4E51648001D0668DD
:10521000A069012820D006F48001E06981421BD1F9
:1052200006F03F01206A814216D147F6C070304037
:10523000616AB0EB811F0FD106F440310122A06AF0
:10524000C2EB5000B1EB004F06D106F070612C208C
:10525000005DB1EB006F01D00120BBE50020B9E596
:10526000000047420038024010B504460CB9012046
:1052700010BD606A38B96068B0F5827F00D105E082
:105280000021E16102E00021216161610021A16250
:1052900094F8510028B9002084F85000204600F00E
:1052A00047F8022084F851002068006820F0400090
:1052B00021680860A08800F48270218901F404410B
:1052C0000843A18901F400610843217C01F0020137
:1052D0000843217D01F001010843218B01F4007195
:1052E0000843217F01F0380108432021095D01F0C6
:1052F00080010843218D01F40051084321680860B2
:105300000421A06901EA104094F8241001F0100172
:105310000843216848602068C06920F40060216863
:10532000C86100206065012084F8510000209FE7DB
:1053300010B586B00446142101A8FBF760F94B496B
:10534000206888427ED100BF002000904848006855
:1053500040F48050464908600846006800F48050D8
:10536000009000BF00BF00BF0020009040481438EC
:10537000006840F002003E491439086008460068A1
:1053800000F00200009000BF00BF00BF00200090AE
:105390000846006840F0010008600846006800F018
:1053A0000100009000BF00BF182001900220029071
:1053B00001200390032004900520059001A92D48A9
:1053C000FEF7FCFA80200190022002900120039059
:1053D000032004900520059001A92748FEF7EEFA66
:1053E0002648274908604FF0C060486000212448E3
:1053F0008160C1604FF48061016100214161816180
:10540000C1614FF44031016200214162FEF726FA8A
:1054100008B1FCF7A9FC00BF1948E064846300BF31
:1054200016481830174908604FF0C06048604021A6
:10543000144881600021C1604FF480610161002146
:10544000416100E010E08161C1614FF4003101620F
:1054500000214162FEF702FA08B1FCF785FC00BFAB
:105460000848A064846300BF06B010BD003001404E
:105470004438024000040240000002404064024000
:10548000680D0020C80D00202DE9FF5F0446884606
:1054900091461D460E9E012002900020019000BF03
:1054A00094F85000012803D1022004B0BDE8F09F19
:1054B000012084F8500000BFFEF780FB074694F8F7
:1054C00051B060680390AA46BBF1010F0BD003985E
:1054D000B0F5827F04D1A06810B9BBF1040F02D0EF
:1054E00002200190DBE0B8F1000F03D0B9F1000F0A
:1054F00000D015B901200190D1E094F851000428A2
:1055000002D0052084F8510000206065C4F838906E
:10551000E587A587C4F83080E586A58620646064A9
:105520002068006800F04000402805D0206800682E
:1055300040F0400021680860E068B0F5006F4AD193
:10554000606810B1BAF1010F09D1206B00882168A1
:10555000C860206B801C2063E08E401EE08633E034
:105560002068806800F00200022810D1E08E70B13F
:10557000029801280BD1206B00882168C860206B3D
:10558000801C2063E08E401EE08600200290206890
:10559000806800F0010068B1E08F58B12068C068F1
:1055A000A16B0880A06B801CA063E08F401EE08789
:1055B00001200290FEF702FBC01BB04204D3701C16
:1055C00010B1032001906AE0E08E0028C8D1E08F7E
:1055D0000028C5D14AE0606810B1BAF1010F09D1C5
:1055E000206B007821680873206B401C2063E08EDC
:1055F000401EE08634E02068806800F00200022847
:1056000010D1E08E70B1029801280BD1206B007888
:1056100021680873206B401C2063E08E401EE086EA
:10562000002002902068806800F0010068B1E08FDF
:1056300058B12068C068A16B0870A06B401CA063C3
:10564000E08F401EE08701200290FEF7B7FAC01BF2
:10565000B04201D3701C00B916B9032001901EE0BE
:10566000E08E0028C7D1E08F0028C4D13A463146E9
:10567000204604F071FD20B10120019020206065DA
:105680000DE0A06850B900BF002000902068C068FD
:10569000009020688068009000BF00BF00BF01201C
:1056A00084F8510000BF002084F8500000BF01982A
:1056B000FBE670B504462546681EB0F1807F01D335
:1056C00001200FE0681E4FF0E02148610F214FF0EC
:1056D000FF3008F06FF900204FF0E02188610720CB
:1056E0000861002070BD7047704710B50346002266
:1056F00000BF93F83C00012801D1022010BD012019
:1057000083F83C0000BF22F0FF00CC6840EA0402AE
:1057100022F440708C6840EA040222F480604C68F5
:1057200040EA040222F400600C6840EA040222F419
:1057300080500C6940EA040222F400504C6940EAAF
:10574000040222F48040CC6940EA040218684264F2
:1057500000BF002083F83C0000BF00BFCEE7000080
:1057600030B502460B4600BF92F83C00012801D13B
:10577000022030BD012082F83C0000BF022082F8E8
:105780003D00106844681068816824F0700418684F
:10579000044310684460184D1068A8421BD010687C
:1057A000B0F1804F17D0154D1068A84213D0144D9A
:1057B0001068A8420FD0134D1068A8420BD0124DAC
:1057C0001068A84207D0114D1068A84203D0104DB0
:1057D0001068A84205D121F0800158680143106883
:1057E0008160012082F83D0000BF002082F83C006B
:1057F00000BF00BFBDE70000000001400004004002
:1058000000080040000C004000040140004001403E
:105810000018004010B504460CB9012010BD94F8E2
:105820003D0028B9002084F83C00204600F026F80E
:10583000022084F83D00211D206804F0CFFE0120E5
:1058400084F8460000BF84F83E0001213F20015546
:10585000402001554120015500BF00BF012084F8C0
:10586000420043200155442001554520015500BF09
:10587000012084F83D000020D0E7000010B586B07C
:105880000446142101A8FAF7BAFE49492068884263
:105890000FD100BF002000904648006840F0010092
:1058A000444908600846006800F00100009000BF0D
:1058B0007CE04149206888421AD100BF0020009056
:1058C0003C48001F006840F004003A49091F086086
:1058D0000846006800F00400009000BF00BF0022EE
:1058E00005211E20FEF7FAF91E20FEF7E7F95DE01C
:1058F00032492068884211D100BF002000902D4815
:10590000001F006840F010002A49091F086008467F
:10591000006800F01000009000BF47E028492068B0
:1059200088420FD100BF002000902248006840F05C
:105930000200204908600846006800F0020000905C
:1059400000BF33E01F49206888422FD100BF0020EC
:1059500000901848006840F4003016490860084676
:10596000006800F40030009000BF00BF00BF0020BE
:10597000009010481438006840F020000D49143998
:1059800008600846006800F02000009000BF00BFDB
:1059900040200190022002900120039002200490F8
:1059A0000320059001A90848FEF708F806B010BDCD
:1059B0000000014044380240000800400010004050
:1059C000000401400044014000140240014691F8E7
:1059D0003D00012801D001207047022081F83D00E0
:1059E0001A4B086898421BD00868B0F1804F17D056
:1059F000174B0868984213D0164B086898420FD08E
:105A0000154B086898420BD0144B0868984207D091
:105A1000134B0868984203D0124B086898420CD187
:105A20000868806800F00702062A0CD00868006841
:105A300040F001000B68186005E00868006840F05D
:105A400001000B6818600020C6E70000000001405C
:105A50000004004000080040000C00400004014029
:105A600000400140001800402DE9F04104460D4679
:105A7000002700BF94F83C00012802D10220BDE8B5
:105A8000F081012084F83C0000BF022084F83D0032
:105A90002068866826F0770626F47F4620688660B0
:105AA0002868502833D00CDC202850D004DC002893
:105AB0004BD0102851D149E0302849D040284CD152
:105AC00039E060282DD0702807D0B0F5805F03D072
:105AD000B0F5005F41D10DE041E0D5E902136A68FD
:105AE000206804F0F8FD2068866846F07706206894
:105AF000866034E0D5E902136A68206804F0EBFDA3
:105B00002068806840F480402168886027E0EA6867
:105B10006968206804F0EDFE5021206804F0E6FD7D
:105B20001DE0EA686968206804F0F6FE60212068DC
:105B300004F0DCFD13E0EA686968206804F0D9FE2F
:105B40004021206804F0D2FD09E000BF00BF00BF83
:105B50002968206804F0CAFD01E0012700BF00BFEA
:105B6000012084F83D0000BF002084F83C0000BF05
:105B7000384684E7704710B5044620680069C0F3D2
:105B80004000D8B12068C068C0F34000B0B16FF0E9
:105B9000020021680861012020772068806900F0F8
:105BA000030018B12046FFF7E5FF05E0204600F0AE
:105BB00039F9204600F0EDF90020207720680069CF
:105BC000C0F38000D8B12068C068C0F38000B0B1D5
:105BD0006FF0040021680861022020772068806946
:105BE00000F4407018B12046FFF7C4FF05E02046DE
:105BF00000F018F9204600F0CCF90020207720684A
:105C00000069C0F3C000D8B12068C068C0F3C0000C
:105C1000B0B16FF008002168086104202077206887
:105C2000C06900F0030018B12046FFF7A3FF05E0AC
:105C3000204600F0F7F8204600F0ABF9002020776E
:105C400020680069C0F30010D8B12068C068C0F3B4
:105C50000010B0B16FF010002168086108202077B3
:105C60002068C06900F4407018B12046FFF782FF39
:105C700005E0204600F0D6F8204600F08AF9002022
:105C800020772068006900F0010058B12068C068E2
:105C900000F0010030B16FF001002168086120467A
:105CA00000F052FA20680069C0F3C01058B12068B3
:105CB000C068C0F3C01030B16FF080002168086187
:105CC0002046FFF710FD20680069C0F3801058B12E
:105CD0002068C068C0F3801030B16FF040002168C8
:105CE0000861204600F031FA20680069C0F34010D6
:105CF00058B12068C068C0F3401030B16FF0200088
:105D0000216808612046FFF7EFFC10BD10B586B092
:105D10000446142101A8FAF772FC3B492068884226
:105D20002CD100BF002000903848006840F01000DF
:105D3000364908600846006800F01000009000BF77
:105D400000BF48150190022002900120039002201C
:105D500004900120059001A92D48FDF72FFE4FF476
:105D60000060019002200290002003900490012026
:105D7000059001A92648FDF721FE43E0254920684A
:105D800088421ED100BF002000902048006840F0EB
:105D900008001E4908600846006800F008000090EE
:105DA00000BF00BF4FF4804001900220029000200D
:105DB000039004900220059001A91748FDF7FEFD0D
:105DC00020E01649206888421CD100BF00200090C6
:105DD0000E48006840F004000C490860084600685E
:105DE00000F00400009000BF00BF4020019002209E
:105DF00002900020039004900320059001A9084818
:105E0000FDF7DCFD06B010BD000001403038024057
:105E10000010024000080040000C02400004014055
:105E20000008024070472DE9F04104460D46164631
:105E3000002700BF94F83C00012802D10220BDE8F1
:105E4000F081012084F83C0000BF36B1042E1BD045
:105E5000082E31D00C2E5ED145E02946206804F092
:105E60004FFC2068806940F0080021688861206844
:105E7000806920F0040021688861206880692969B0
:105E800008432168886148E02946206804F070FCD6
:105E90002068806940F4006021688861206880691A
:105EA00020F480602168886120688069296940EA5F
:105EB00001202168886130E02946206804F096FCC2
:105EC0002068C06940F008002168C8612068C06986
:105ED00020F004002168C8612068C069296908436E
:105EE0002168C86119E02946206804F0BBFC2068DD
:105EF000C06940F400602168C8612068C06920F46E
:105F000080602168C8612068C069296940EA012071
:105F10002168C86101E0012700BF00BF00BF002069
:105F200084F83C0000BF384689E710B504460CB938
:105F3000012010BD94F83D0028B9002084F83C00F1
:105F4000204600F025F8022084F83D00211D20683D
:105F500004F044FB012084F8460000BF84F83E00B2
:105F600001213F200155402001554120015500BF2E
:105F700000BF012084F84200432001554420015510
:105F80004520015500BF012084F83D000020D0E7E6
:105F90007047704770B504460D4615B994F83E0039
:105FA0000BE0042D02D13F20005D06E0082D02D158
:105FB0004020005D01E04120005D012801D001206A
:105FC00070BD1DB9022084F83E000EE0042D03D1FF
:105FD00002213F20015508E0082D03D10221402075
:105FE000015502E002214120015501222946206885
:105FF00004F060FB23492068884203D022492068CE
:10600000884201D1012000E0002028B12068406CC6
:1060100040F40040216848641A49206888421BD037
:106020002068B0F1804F17D018492068884213D0FB
:106030001749206888420FD01649206888420BD043
:1060400011492068884207D013492068884203D04C
:106050001249206888420CD12068806800F0070649
:10606000062E0CD02068006840F00100216808600E
:1060700005E02068006840F0010021680860002009
:106080009EE70000000001400004014000040040C1
:1060900000080040000C0040004001400018004093
:1060A00030B504460D4600222946206804F002FB64
:1060B00023492068884203D022492068884201D1C0
:1060C000012000E0002090B100BF2068006A41F28A
:1060D0001111084050B92068006A8910084028B999
:1060E0002068406C20F400402168486400BF00BF75
:1060F0002068006A41F21111084050B92068006A16
:106100008910084028B92068006820F00100216843
:10611000086000BF1DB9012084F83E000EE0042D88
:1061200003D101213F20015508E0082D03D10121B1
:106130004020015502E0012141200155002030BDE1
:1061400000000140000401407047704770470000A4
:1061500038B50446206C00F00800D0B1206805680E
:10616000206845682068C0680A4908432168C860FB
:1061700000BF002000902068006800902068406800
:10618000009000BF00BF20220349044800F01EFA1F
:1061900000BF38BD2000001024770020900F0020A1
:1061A0002DE9F84F0446206805682068C668206815
:1061B00047694FF00009CA4605F00F09B9F1000F11
:1061C0000AD105F0200038B106F0200020B12046A9
:1061D00004F032FCBDE8F88FB9F1000F7CD007F075
:1061E000010018B906F49070002875D005F0010080
:1061F00030B106F4807018B1206C40F001002064CA
:1062000005F0040030B107F0010018B1206C40F037
:106210000200206405F0020030B107F0010018B15F
:10622000206C40F00400206405F0080048B106F03E
:10623000200010B907F0010018B1206C40F00800F0
:106240002064206C002846D005F0200028B106F01C
:10625000200010B1204604F0EFFB20684069C0F335
:10626000801A206C00F0080010B9BAF1000F2DD090
:10627000204604F09BFB2068406900F04000402865
:1062800020D100BF00BF2168143151E8001F21F068
:1062900040002168143141E80002002AF3D100BF18
:1062A000A06B50B17548A16B0865A06BFDF7A1F913
:1062B00088B1A06B016D88470DE02046FFF748FFCD
:1062C00009E009E02046FFF743FF04E02046FFF71E
:1062D0003FFF002020647DE7206B012876D105F088
:1062E0001000002872D006F010000028FAD000BF7D
:1062F00000200090206800680090206840680090AE
:1063000000BF00BF2068406900F0400040285ED117
:10631000A06B006840681FFA80F8B8F1000F54D0F5
:10632000A08D404551DDA4F82E80A06BC069B0F56A
:10633000807F43D000BF00BF21680C3151E8001FAF
:1063400021F4807021680C3141E80002002AF3D169
:1063500000BF00BF00BF2168143151E8001F21F0C9
:1063600001002168143141E80002002AF3D100BF86
:1063700000BF00BF2168143151E8001F21F0400028
:106380002168143141E80002002AF3D100BF202027
:1063900084F83E000020206300BF00BF21680C315C
:1063A00051E8001F21F0100021680C3141E8000283
:1063B000002AF3D100BFA06BFDF7C5F8A08DE28DD8
:1063C000801A81B22046FFF7C1FE03E740E0A08DAE
:1063D000E18D401A1FFA80F8E08DC0B3B8F1000FCC
:1063E00035D000BF00BF21680C3151E8001F21F4F7
:1063F000907021680C3141E80002002AF3D100BFFF
:1064000000BF00BF2168143151E8001F21F00100D6
:106410002168143141E80002002AF3D100BF202096
:1064200084F83E000020206300BF00BF21680C31CB
:1064300051E8001F21F0100021680C3141E80002F2
:10644000002AF3D100BF41462046FFF77FFEC1E698
:1064500005F0800030B106F0800018B1204604F04D
:10646000A2FCB7E605F0400030B106F0400018B1DC
:10647000204604F0D1FAADE600BFABE699A90008CA
:1064800010B504460CB9012010BDA06900B100E0B0
:1064900000BF94F83D0028B9002084F83C00204655
:1064A00000F028F8242084F83D002068C06820F41B
:1064B00000502168C860204604F03AFB206800695B
:1064C00020F49040216808612068406920F02A008B
:1064D000216848612068C06840F400502168C860A5
:1064E00000202064202084F83D0084F83E00002035
:1064F000CAE7000010B586B00446142101A8FAF7D7
:106500007EF82E492068884255D100BF00200090B7
:106510002B48006840F010002949086008460068D0
:1065200000F01000009000BF00BF00BF00200090EE
:1065300023481438006840F00200214914390860EB
:106540000846006800F00200009000BF00BF00BFD6
:10655000002000900846006840F0010008600846EE
:10656000006800F00100009000BF00BF8020019093
:106570000220029000200390032004900720059041
:1065800001A91048FDF71AFA4FF40070019002209B
:10659000029000200390032004900720059001A999
:1065A0000948FDF70BFA002205212520FDF796FB8F
:1065B0002520FDF783FB06B010BD00000010014050
:1065C00044380240000402400000024070B5044616
:1065D0000D46164694F83E00202816D105B10EB996
:1065E000012070BD00BF94F83C00012801D10220B9
:1065F000F7E7012084F83C0000BF0020206332460A
:106600002946204604F0AAFBEBE70220E9E7000058
:1066100070B505462B4885424ED100244AE02A48F1
:10662000005DA5280CD1284904F10F00085CA228C0
:1066300006D101202549087000202549487012E044
:106640002148005DAA280ED11F49601C085CBB28A8
:1066500009D1A01C085CCC2805D102201B49087078
:1066600001201B49487019480078012819D11022CF
:1066700018491948F9F722FF134801191022174841
:10668000F9F71CFF102215491248F9F717FF144BB0
:10669000144A0F490F4803F0D7FB00200B4908703C
:1066A00006E00A480078022802D100200749087055
:1066B000601C84B21E2CB2DB202203490148FFF784
:1066C00085FF70BD900F0020247700200801002076
:1066D0008073002004770020147700204477002086
:1066E000547700202A7200207047000070B50446DD
:1066F00000202074A37B484D2D8803FB05F26168C0
:10670000D4F8F400F9F71FFFA27B434B1B8802FB70
:1067100003F16068F9F773FFA27B3F4B1B885A4374
:10672000A37B02FB03F1D4F81801F9F768FF227B81
:10673000394B1B885A43A37B02FB03F1D4F80C01AD
:10674000F9F75DFF002031E0D4F8F41001EB80018F
:1067500091ED000AB5EEC00AF1EE10FA24D0D4F89B
:10676000F41001EB800191ED000A227CD4F8F410C2
:1067700001EB820181ED000A227C616A8854A169E3
:1067800001EB800191ED000A6169095C227B237CA9
:1067900012FB0311491ED4F80C2102EB810181ED9B
:1067A000000A217C491C2174411CC8B2A17B814292
:1067B000CADC002011E0626A125CE16901EB82012F
:1067C00091ED000A227C00FB0202D4F8181101EBC3
:1067D000820181ED000A411CC8B2217C8142EADCC1
:1067E000207CA4F87800217B7A200153207BA4F838
:1067F0008000217C82200153207CA4F89000217C21
:1068000092200153207BA4F89800217C9A20015308
:10681000207CA4F8480070BDA001002000BFFEE766
:1068200010B5044654F8EC0F90ED000A864880ED50
:10683000000A206890ED010A844880ED000A206873
:1068400090ED020A824880ED000A54F8EC0990EDC0
:10685000030A804880ED000A7B48D0ED000A60EE14
:10686000A00A7A4890ED001AD0ED001A41EE210AF4
:10687000774890ED001AD0ED001A41EE210A7548D4
:1068800090ED001AD0ED001A41EE210AB0EE600A38
:106890000AF0D8F8704880ED000A002012E0D4F821
:1068A000EC1001EB800191ED000A6B49D1ED000A7B
:1068B00020EE200AD4F8EC1001EB800181ED000AF3
:1068C000411CC8B20428EADB644890ED6F0A5F48B7
:1068D000D0ED000A20EE200AF0EE000A80EE201A29
:1068E000F834A06880ED041A5C4890ED6F0A5848AF
:1068F000D0ED000A20EE200AF0EE000A80EE201A09
:10690000A06880ED051A554890ED6F0A4E48D0ED0D
:10691000000AF1EE600A20EE200AF0EE000A80EE96
:10692000201AA06880ED0A1A4C4890ED6F0A494879
:10693000D0ED000A20EE200AF0EE000A80EE201AC8
:10694000A06880ED0B1A454890ED6F0A4148D0EDE4
:10695000000AF1EE600A20EE200AF0EE000A80EE56
:10696000201AA06880ED101A3C4890ED6F0A364856
:10697000D0ED000AF1EE600A20EE200AF0EE000AE7
:1069800080EE201AA06880ED111A344890ED6F0A4D
:106990002F48D0ED000A20EE200AF0EE000A80EE2B
:1069A000201AA06880ED161A2C4890ED6F0A27482F
:1069B000D0ED000AF1EE600A20EE200AF0EE000AA7
:1069C00080EE201AA06880ED171A206890ED1C0A4E
:1069D0002248D0ED740A80EE201A206880ED1C1A3F
:1069E000206890ED230A1D48D0ED740A80EE201A2D
:1069F000206880ED231A54F8F80990ED1C0ADFEDA9
:106A0000180AB4EEE00AF1EE10FA05DD9FED140A63
:106A1000D4F8F80080ED1C0AD4F8F80090ED230AB1
:106A2000DFED0F0AB4EEE00AF1EE10FA05DD9FED9E
:106A30000C0AD4F8F80080ED230A90220948D4F813
:106A40000011F9F780FD10BD5C02002060020020FB
:106A500064020020680200206C020020007C0020FC
:106A600000401C46707E002010B52DED068BF0EE28
:106A7000408AB0EE60AAB0EE419AB0EE618AF0EEC4
:106A8000429A01203A4908700846C0ED6C8A80EDB0
:106A90006DAA80ED6E9A9FED370A80ED730A002093
:106AA00081F838010A46C2F84001C2F844010021C9
:106AB000C2F84811C2F84C11B7EE000AB4EEC08A11
:106AC000F1EE10FA03DDB7EE000AB0EE408A284876
:106AD00080ED748AC0ED649A032300220621001D14
:106AE00001F076F9244B01221146A3F10800F9F7D1
:106AF0002BFFB7EE000A1E48D0F8EC0080ED000A2C
:106B00009FED1E0A1A48D0F8EC0080ED010A9FEDB7
:106B10001B0A1748D0F8EC0080ED020A9FED170A17
:106B20001348D0F8EC0080ED030A15491048C0F86E
:106B3000D0101449C0F8D4101349C0F8D810134924
:106B4000C0F8DC10012180F82E1080F82F100146CB
:106B50009022D1F804010E49F9F7F5FC044990227E
:106B6000D1F8FC000B49F9F7EEFCBDEC068B10BD2B
:106B7000007C002077CC2B32C87D00200000000074
:106B8000996B000821680008CD6B00083573000878
:106B9000AC3F0108BC01002010B5044654F8F81FB2
:106BA00090220748F9F7CFFC48220648616AF9F7B6
:106BB000CAFC6169F83C48220348F9F7C4FC10BDDF
:106BC000BC010020E07D0020287E002010B5044696
:106BD00054F8EC0F90ED000AF0EE000A20EE200AC7
:106BE000414880ED000A206890ED010AF0EE000AAD
:106BF00020EE200A3D4880ED000A206890ED020A50
:106C0000F0EE000A20EE200A394880ED000A2068E4
:106C100090ED030AF0EE000A20EE200A354880EDE0
:106C2000000A14F8DE2C344B1B885A4314F8E03C5D
:106C300002FB03F1206AF9F7E2FC2D4890ED000A0F
:106C4000B1EE400A206A80ED000A2A4890ED000A61
:106C5000206A80ED010A244890ED000AB1EE400A56
:106C6000206A80ED020A214890ED000A206A80ED3A
:106C7000030A1E4890ED000A206A80ED060A1A48B1
:106C800090ED000A206A80ED070A1A4890ED000A8C
:106C9000206A80ED080A164890ED000A206A80ED0F
:106CA000090A114890ED000A206A80ED0C0A0F488D
:106CB00090ED000AB1EE400A206A80ED0D0A0C4802
:106CC00090ED000AB1EE400A206A80ED0E0A0948F4
:106CD00090ED000A206A80ED0F0A216AEC3C482200
:106CE0000648F9F730FC10BD700200207402002045
:106CF000780200207C020020A0010020007F0020FC
:106D000010B52DED088BB0EE40AAF0EE60AAB0EE03
:106D100041BAF0EE618AB0EE429AF0EE629AB0EEBD
:106D2000438AFE48007858B99FEDFD2AF7EE001A15
:106D30009FEDFC1ADFEDFC0AB2EE040AFFF794FEA9
:106D4000F64880ED6F8A90ED580A3AEE400A80EDE1
:106D50005B0A90ED590A3AEEC00A80ED5C0A90EDAC
:106D60005A0A3BEE400A80ED5D0A90ED5B0AF6EEB2
:106D7000000A20EE200A20EE080AEC4880ED000A06
:106D8000E64890ED5C0AF6EE000A20EE200A20EEBE
:106D9000080AE74880ED000AE04890ED5D0AF6EE4B
:106DA000000A20EE200A20EE080AE24880ED000AE0
:106DB000DA499022D1F80401DF49F9F7C4FBDB4836
:106DC00090ED000AB1EE400AD448D0F8040180EDFD
:106DD000010AD74890ED000AB1EE400ACF48D0F83A
:106DE000040180ED020AD34890ED000AB1EE400A9A
:106DF000CA48D0F8040180ED030ACC4890ED000A9F
:106E0000C648D0F8040180ED060ACA4890ED000A91
:106E1000C248D0F8040180ED080AC54890ED000A88
:106E2000B1EE400ABD48D0F8040180ED090AC0481F
:106E300090ED000AB948D0F8040180ED0C0ABD4875
:106E400090ED000AB1EE400AB448D0F8040180ED9C
:106E50000D0AB64890ED000AB048D0F8040180ED64
:106E60000F0AB44890ED000AAC48D0F8040180ED58
:106E7000120AAF4890ED000AA848D0F8040180ED4E
:106E8000130AAA4890ED000AB1EE400AA348D0F8D0
:106E9000040180ED140AA148D0F84811D0F84C0143
:106EA000002359405840014306D19C48C0ED5E8AFA
:106EB00080ED5F9AC0ED609A984890ED5E0AD0ED43
:106EC000640A60EE200A90ED6F0A90ED641A30EECD
:106ED000011A80EE810AD0ED6F0A90ED641A70EE0F
:106EE000810A90ED6F1A21EE281AC1EE201A30EEB9
:106EF000210A80ED5E0A90ED5F0AD0ED640A60EE33
:106F0000200A90ED6F0A90ED641A30EE011A80EEBF
:106F1000810AD0ED6F0A90ED641A70EE810A90ED4F
:106F20006F1A21EE091AC1EE201A30EE210A80ED07
:106F30005F0A90ED600AD0ED640A60EE200A90EDE1
:106F40006F0A90ED641A30EE011A80EE810AD0EDDE
:106F50006F0A90ED641A70EE810A90ED6F1A21EEBF
:106F6000291AC1EE201A30EE210A80ED600AD0ED18
:106F70005E0A60EEA00A90ED5F1AD0ED5F1A41EE56
:106F8000210A90ED601AD0ED601A41EE210AB0EEB0
:106F9000600A09F057FD694880ED000A002011E001
:106FA000674901EB800191ED000A6449D1ED000AC7
:106FB00020EE200A5949896801EB800181ED000A21
:106FC000411CC8B20328EBDB5448D0ED5B0A60EEED
:106FD000A00A90ED5C1AD0ED5C1A41EE210A90ED0A
:106FE0005D1AD0ED5D1A41EE210AB0EE600A09F09B
:106FF00029FDF7EE000A80EE801A484880ED651AF8
:107000004E4890ED000AF7EE000A80EE801A4348E1
:1070100080ED661A90ED650ADFED4A0AB4EEE00AEB
:10702000F1EE10FA16D290ED660ADFED470AB4EEE3
:10703000E00AF1EE10FA0DDD90ED660ADFED430A8D
:10704000B4EEE00AF1EE10FA04D20120334981F8DF
:10705000390103E00020314981F839012F4890EDD2
:107060006C0AD0ED6F0A20EE200AD0F8180180EDEE
:10707000000A2A4890ED6C0AD0ED6F0A20EE200A33
:10708000D0F8180180ED070A244890ED6C0AD0ED85
:107090006F0A20EE200AD0F8180180ED0E0A1F4872
:1070A00090ED6C0AD0ED6F0A20EE200AD0F818019E
:1070B00080ED150A194890ED6D0AD0ED6F0A20EEAB
:1070C000200AD0F8180180ED1C0A144890ED6D0AD2
:1070D000D0ED6F0A20EE200AD0F8180180ED230AC7
:1070E0000E4890ED6E0AD0F81C0180ED000A0B48A6
:1070F00090ED6E0AD0F81C0180ED040A074890ED6F
:107100006E0AD0F81C0180ED080A0448001D01F049
:10711000DFFA0248406890ED000A19E0007C002088
:10712000000000008096184B6F12833A4C0200203A
:107130005002002054020020AC3F010858020020F9
:10714000787D00209A99993ECDCC1441CDCC244134
:10715000734880ED540A406890ED010A704880ED54
:10716000550A406890ED020A6D4880ED560A406865
:1071700090ED030A6A4880ED570A406890ED040AD2
:10718000674880ED580A406890ED050A644880ED34
:10719000590A1FED1D0A80ED5A0A90ED541A21EE8E
:1071A000011AD0ED551A90ED552A01EE821AF7EE2C
:1071B000001AB0EE002A52EE011AF0EE610A90EDCC
:1071C000541AD0ED571A21EE211AD0ED551A90ED30
:1071D000562A01EE821AF0EE001A21EE211AB0EEC4
:1071E000410A06F01DFDDFED4F0A20EE200A4C4853
:1071F00080ED6A0A90ED541A21EE011AD0ED571A6B
:1072000090ED572A01EE821AF7EE001AB0EE002A2E
:1072100052EE011AF0EE610A90ED541AD0ED551AB3
:1072200021EE211AD0ED561A90ED572A01EE821A5E
:10723000F0EE001A21EE211AB0EE410A06F0F0FC41
:10724000DFED380A20EE200A354880ED690AD0EDDE
:10725000550A90ED571A60EE810A90ED541AD0ED60
:10726000561A41EE610AB8EE001A60EE810AB0EEDD
:10727000600A06F03FFCDFED2B0A20EE200A2848CA
:1072800080ED680A90ED6A0AD0ED760A30EE600A69
:10729000DFED250AB4EEE00AF1EE10FA07DDB0F8F2
:1072A000D401401E00B21E49A1F8D40114E01C48CC
:1072B00090ED6A0AD0ED760A30EE600ADFED1B0A27
:1072C000B4EEE00AF1EE10FA06D2B0F8D401401C98
:1072D00000B21349A1F8D401114890ED6A0AB0F93F
:1072E000D40100EE900AF8EEE00A9FED111A01EECB
:1072F000200A0B4880ED6B0A90ED6A0A80ED760A51
:10730000D0F84821D0F84C01521C40F1000004494B
:10731000C1F84821C1F84C01BDEC088B10BD00003C
:10732000007C0020E12E654200003443000034C39D
:107330000000B44370B52DED028B044604F18001CA
:1073400004F17800F9F778FD84F8C800B4F8780003
:10735000A4F8A8005A20015BAA20015304F1A80256
:1073600004F1580104F17800F9F760FC84F8C800D2
:10737000B4F8A800A4F8B0008220015BB220015349
:1073800004F1B00204F1800104F1A800F9F74EFC09
:1073900084F8C800B4F89000A4F8A0009220015B23
:1073A000A220015304F1A00204F1900104F1B00005
:1073B000F9F780FA84F8C80004F1B00104F1A000E4
:1073C000F9F7C6FAAC342077206C90ED000AFE483D
:1073D00080ED000A206C90ED010AFC4880ED000A67
:1073E000206C90ED020AFA4880ED000A206C90EDC6
:1073F000030AF84880ED000A34F8340CA081AC3C54
:107400000121BA200153F14890ED000AF148D0ED76
:10741000000A20EE200AEC48D0ED000AEC4890ED7E
:10742000001A00EEC10AF0EE000A20EE200AD4F89D
:107430002C0180ED000AE44890ED000AE348D0ED0D
:10744000000A20EE200AE248D0ED000AE14890ED63
:10745000001A00EE810AF0EE000A20EE200AD4F8AD
:107460002C0180ED010AD84890ED000A20EE000AB8
:10747000D648D0ED000A90ED001A00EEC10AD448BB
:10748000D0ED000A90ED001A00EEC10AD148D0ED0F
:10749000000A90ED001A00EE810AD4F82C0180ED6C
:1074A000020A002512E0D4F82C0100EB850090EDD3
:1074B000000AB0EEC00AB0EE408A06F08FFAC64865
:1074C00000EB850080ED000A681CC5B2032DEADBE5
:1074D000B4F84800A4F8C0000121C220015304F10F
:1074E000C00204F1B80104F14800F9F75BFC84F82C
:1074F000C800B4F8C000A4F8A8000121AA200153D4
:1075000004F1A80204F1C00104F1B000F9F78EFB08
:10751000B8342074012020802189B83CBA2001535E
:1075200004F1B80104F1C000F9F786FC84F8C80042
:10753000A94A3C3204F1A80104F1B800F9F776FB3E
:1075400084F8C800A54890ED720AD0ED730AB6EE33
:10755000001A60EE810AB4EEE00AF1EE10FA03D2EE
:1075600001209E4981F838019C4890ED720AD0EDC7
:10757000730AB4EEE00AF1EE10FA46DD90F8380135
:10758000002842D0954890F8390168B19348D0F866
:107590004031D0F844015A1C40F100008F49C1F835
:1075A0004021C1F8440105E000218C4AC2F8401195
:1075B000C2F8441189483223D0F84021D0F8441150
:1075C00000209A1A884106D20020844981F83801A7
:1075D00084F82C004AE0237B814D2D8803FB05F2C3
:1075E000D4E93A01F8F7AFFF237B7D4D2D886B433B
:1075F000257B03FB05F2D4E93E01F8F7A4FF012047
:1076000084F82C00BDEC028B70BD744890ED720ABA
:10761000D0ED730A9FED731A60EE810AB4EEE00AB2
:10762000F1EE10FA14DD90F8380188B16B4890ED56
:10763000730AD0ED720A30EE600AD0ED730A9FED46
:107640006A1A60EE810A80EE201A80ED671A04E063
:10765000B7EE000A614880ED670A00215F4AC2F870
:107660004011C2F84411002084F82C00B4F85800EE
:10767000A4F8A8008220015BAA20015304F1A8020B
:1076800004F1800104F15800F9F7D0FA84F8C80039
:1076900004F1980204F1B00104F1A800F9F7C6FA68
:1076A00084F8C800002012E0D4F81C1101EB80011E
:1076B00091ED000A4949D1ED670A20EE200AD4F87D
:1076C0001C1101EB800181ED000A411CC8B2B4F825
:1076D00098109A22125B51438142E5DC042025E098
:1076E00000211FE0021F3C4B03EB8202D2ED000A97
:1076F0009FED3E1A80EE810A00EB40030B44D4F864
:107700001C2102EB8302D2ED000A20EE200A00EBDE
:1077100040030B44D4F81C2102EB830282ED000AE3
:107720004A1CD1B20329DDDB411CC8B20628D7DBD5
:10773000B4F89800A4F8B8000121BA20015304F16C
:10774000B80204F1C00104F19800F9F76FFA84F867
:10775000C800224890F83801A0B3042058E0BC21AA
:10776000095901EB800191ED000A1C49D1ED6F0A26
:107770009FED1F1A60EE810AB4EEE00AF1EE10FAF6
:107780000BDD91ED6F0ADFED1A0A20EE200ABC2115
:10779000095901EB800181ED000ABC21095901EB77
:1077A000800191ED000A0D49D1ED6F0A9FED111A8C
:1077B00060EE810AB4EEE00AF1EE10FA26D291ED05
:1077C0006F0A19E026E000008002002084020020F9
:1077D000880200208C020020847D0020007C002094
:1077E000A0010020CDCCCC3D6666663FDA0FC93FD4
:1077F0000AD7233C0AD723BC5FED020A20EE200AF9
:10780000BC21095901EB800181ED000A411CC8B27D
:107810000628A4DB9FED0B0ABC20005980ED030A6B
:1078200004F1300204F1B80104F13800F9F742F82C
:1078300084F8C80018220448D4F8E810F8F783FE4A
:1078400000BFDFE600000000487F002010B52DEDEE
:10785000028B1548D0ED070AB0EE600A1348D0ED50
:10786000000A134801F0BDFF1148406B00EE100AFA
:1078700008F01CFE00EE100AB8EEC00AB0EE408A16
:107880009FED0C1ADFED0C0A08F0FAFDBCEEC00A01
:1078900010EE100A84B222460021084803F00CF8CA
:1078A000BDEC028B10BD00006C7F0020B8000020F2
:1078B000D47200200000804F00000000480F00201C
:1078C00010B5B7EE000A244880ED010AB7EE000AB1
:1078D00080ED020AB7EE000A80ED030A9FED1F0A51
:1078E00080ED040A9FED1D0A80ED050A9FED1B0A3D
:1078F00080ED060A0120184908709FED182AF7EE5E
:10790000001A9FED171ADFED170AB2EE040AFFF70F
:10791000ABF800221146DFED114A9FED104ADFED72
:107920000F3A9FED0E3ADFED0D2AB3EE042ADFED9C
:107930000E1A9FED0A1ADFED0D0A9FED0D0A0D4894
:1079400002F0B8F800210C48FEF724FB9FED0B0A6B
:107950000B4880ED100A10BDB87200200000000036
:107960008096184B6F12833A00007A4400009643C9
:107970000000FA44D4720020480F002096430B3CCC
:107980003872002010B586B08E4A07CA03AB07C311
:107990008D48FAF7CDF88D4880ED000A8C4890EDBF
:1079A000000A8A48D0ED000A30EE200A884880EDAF
:1079B000000A00BF8748F9F7D7FA864890ED000A19
:1079C000854880ED070A834890ED010A824880EDE2
:1079D000080A804890ED020A7F4880ED090A7D4838
:1079E00090ED030A7C4880ED040A7A4890ED040A81
:1079F000794880ED050A774890ED050A764880EDD4
:107A0000060A90ED091AF0EE410A90ED071AB0EE61
:107A1000410A06F005F9B1EE400ADFED700A20EEEA
:107A2000200ADFED6F0A80EE201A6B4880ED1A1AEB
:107A300090ED091AF0EE410A90ED081AB0EE410AF5
:107A400006F0EEF8DFED650A20EE200ADFED640AAD
:107A500080EE201A604880ED1B1A90ED093AF0EE96
:107A6000432A90ED083AB0EE432A90ED073AF0EE43
:107A7000431A90ED063AB0EE431A90ED053AF0EE57
:107A8000430A90ED043AB0EE430A504890ED003AB4
:107A9000FFF736F950495348D0E91534026DC06DEF
:107AA00081E81C00C8600A4644314F48F9F776FD6A
:107AB000494A02F150014D48F9F770FD464A02F17A
:107AC0005C014B48F9F76AFD434A694603A8FAF797
:107AD0009EF8002039E040491C3101EB800191ED16
:107AE000000A694601EB8001D1ED000A30EE600A20
:107AF0003649D1ED000A60EE200A374991ED100AAF
:107B0000324991ED001A30EE011A80EE810A3249B5
:107B1000283101EB8001D1ED000A2F4991ED101AB7
:107B200060EE810A91ED101A2849D1ED001A31EE6C
:107B3000211AC0EE811A30EE210A2749283101EBC3
:107B4000800181ED000A411CC8B20328C3DB224A30
:107B500002F13401A1F10C00F9F720FD254890ED68
:107B60006A0A1D4880ED1E0A224890ED690A1A48EB
:107B700080ED1D0A1F4890ED680A174880ED1C0A29
:107B80001C4890ED6B0A144880ED1F0A00BF1A488C
:107B9000007800F0010008B9FFF758FE16480068A9
:107BA0004FF47A71B0FBF1F201FB120010B9002022
:107BB0001149086010480068401C0F49086006B071
:107BC00010BD0000A03F0108A8000020AC0000206C
:107BD000B00000206C7F0020387200200000344389
:107BE000DB0F4940007D00207C3F0108883F0108F1
:107BF000943F0108007C0020BC0000202DED048B88
:107C0000564802F095F8A7E0554890ED0B0A10EEA3
:107C1000101A08460BF0FEFD41EC190BB0EE490AB4
:107C2000F0EE690A06F088F9B0EE408AF0EE608A5C
:107C30009FED4C0B53EC102B51EC180B0BF0F2FB9F
:107C400003D201204949887402E000204749887422
:107C50004348007818B900204449C87402E0012064
:107C60004249C8743E48806B4049C1F806003C4810
:107C70000069C1F80A003A4890ED050A3C48D0ED89
:107C80000A0A9FED3C1A70EEC10A30EE600A10EE4F
:107C9000100AC1F80E003249304805F0D1FD3048D5
:107CA0000078022853D1344A34492C4805F0E4FDC9
:107CB0002B4890ED040A2E48D0ED090A9FED301AAA
:107CC00070EEC10AB4EEE00AF1EE10FA3FDD24488E
:107CD00090ED040A2648D0ED090A9FED291A70EEAE
:107CE000810AB4EEE00AF1EE10FA30D21C4890EDB1
:107CF000050A1F48D0ED0A0A9FED221A70EEC10A4C
:107D0000B4EEE00AF1EE10FA21D2154890ED050A22
:107D10001748D0ED0A0A9FED1C1A70EEC10AB4EEA6
:107D2000E00AF1EE10FA12DD9FED180A10EE100ACB
:107D30000A49C1F821029FED150A10EE100AC1F898
:107D40002502B7EE000A10EE100AC1F8290205F06C
:107D500033FD142009F07CFF56E700006077002017
:107D600080730020000000C0CCCCF43F14720020CF
:107D7000100100200000B042547700202A72002039
:107D8000000020420000164300003E4300000000B7
:107D900030B50B46002100BF16E00A24B4EB107F7B
:107DA00005D9302404EB107403F8114005E0412498
:107DB00004EB10740A3C03F81140000100254C004C
:107DC000641C1D554C1CE1B29142E6DB30BD000045
:107DD0000FB583B00420FE4908800820FD490880C3
:107DE000DDE9031008730399059848730399069811
:107DF000887300210398017406980290F8F7B8FA86
:107E0000039948610698029003984069019002998D
:107E1000F8F7D3FBEE480088069948430290F8F73C
:107E2000A7FA03998861EA480088069948430290B6
:107E30000398806901900299F8F7E1FBE448008813
:107E4000069948430290F8F793FA0399C861E0480D
:107E500000880699484302900398C06901900299EE
:107E6000F8F7CDFBDA480088049948430290F8F708
:107E70007FFA03990862D648008804994843029023
:107E80000398006A01900299F8F7B9FB06980290EE
:107E9000F8F76EFA03994862069802900398406AD0
:107EA00001900299F8F789FBC94800880499484372
:107EB0000290F8F75DFA03990860C54800880499B4
:107EC000484302900398006801900299F8F797FBE5
:107ED000BF480088069948430290F8F749FA039989
:107EE0004860BB4800880699484302900398406860
:107EF00001900299F8F783FBB5480088059948433B
:107F00000290F8F735FA03998860B148008805991E
:107F1000484302900398806801900299F8F76FFB3C
:107F2000AB480088049948430290F8F721FA039976
:107F3000C1F8E800A64800880499484302900398D5
:107F4000D0F8E80001900299F8F759FB0398D0F8AF
:107F5000E80002900398007B019001220146DDE9D0
:107F600002303030F8F7F0FC994800880499484313
:107F70000290F8F7FDF90399C1F8EC0094480088E5
:107F80000499484302900398D0F8EC0001900299BC
:107F9000F8F735FB0398D0F8EC0002900398007BCB
:107FA000019001220146DDE902303830F8F7CCFCBF
:107FB000059818B386480088059948430290F8F759
:107FC000D7F90399C1F8F000814800880599484322
:107FD00002900398D0F8F00001900299F8F70FFB97
:107FE0000398D0F8F00002900398407B01900122A2
:107FF0000146DDE902304030F8F7A6FC74480088FD
:10800000069948430290F8F7B3F90399C1F8F400D0
:108010006F4800880699484302900398D0F8F4000E
:1080200001900299F8F7EBFA0398D0F8F400029067
:108030000398807B019001220146DDE9023048303F
:10804000F8F782FC6248008804994843484302904C
:10805000F8F78EF90399C1F8F8005D480088049993
:108060004843484302900398D0F8F80001900299E1
:10807000F8F7C5FA0398D0F8F80002900398007B4F
:1080800001900398007B00900146DDE902305030FA
:10809000019AF8F759FC4E48008804994843484330
:1080A0000290F8F765F90399C1F8FC004848008888
:1080B00004994843484302900398D0F8FC0001908B
:1080C0000299F8F79CFA0398D0F8FC000290039804
:1080D000007B01900398007B00900146DDE90230AF
:1080E0005830019AF8F730FC394800880499484321
:1080F00048430290F8F73CF90399C1F8000134486D
:1081000000880499484348430290F8F731F90399ED
:10811000C1F804012E48008804994843484302905E
:108120000398D0F8000101900299F8F768FA2848FE
:10813000008804994843484302900398D0F804010A
:1081400001900299F8F75BFA0398D0F800010290C9
:108150000398007B01900398007B00900146DDE9C5
:1081600002306030019AF8F7EFFB0398D0F8040171
:1081700002900398007B01900398007B00900146D9
:10818000DDE902306830019AF8F7DEFB059878B334
:108190000F48008804994843059948430290F8F72E
:1081A000E7F80399C1F80801094800880499484391
:1081B0000599484302900398D0F80801019002996C
:1081C000F8F71DFA0398D0F808010290039803E02D
:1081D000A0010020A2010020407B01900398007BB9
:1081E00000900146DDE902307030019AF8F7ACFBEF
:1081F000B948008806994843049948430290F8F723
:10820000B7F80399C1F80C01B348008804994843B2
:10821000069948430290F8F7ABF80399C1F81001AA
:10822000AD48008806994843049948430290039852
:10823000D0F80C0101900299F8F7E1F9A6480088FE
:10824000049948430699484302900398D0F81001D6
:1082500001900299F8F7D3F90398D0F80C01029035
:108260000398007B01900398807B00900146DDE934
:1082700002307830019AF8F767FB0398D0F81001C4
:1082800002900398807B01900398007B0090014648
:10829000DDE902308030019AF8F756FB8E480088FD
:1082A0000499484348430290F8F762F80399C1F8EB
:1082B0001401894800880499484348430290039870
:1082C000D0F8140101900299F8F799F90398D0F8C1
:1082D000140102900398007B01900398007B0090AA
:1082E0000146DDE902308830019AF8F72DFB7A4823
:1082F00000880699484348430290F8F739F80399F3
:10830000C1F8180174480088069948434843029010
:108310000398D0F8180101900299F8F770F90398C2
:10832000D0F8180102900398807B01900398807B1D
:1083300000900146DDE902309030019AF8F704FB25
:108340006548008804994843069948430290F8F725
:108350000FF80399C1F81C015F480088049948434D
:108360000699484302900398D0F81C0101900299A5
:10837000F8F745F90398D0F81C0102900398807B28
:1083800001900398007B00900146DDE902309830AF
:10839000019AF8F7D9FA0398007B4F4909884843B6
:1083A0000399097B48430290F7F7E2FF0399C1F86C
:1083B00020010398007B4849098848430399097BB9
:1083C00048430290F7F7D4FF0399C1F824010398BA
:1083D000007B4149098848430399097B484302903F
:1083E000F7F7C6FF0399C1F828010398007B3A49C3
:1083F000098848430290F7F7BBFF0399C1F82C01A5
:108400000398007B3449098848430290F7F7B0FF8E
:108410000399C1F830010398D0F820010290039825
:10842000007B01900398007B00900146DDE902305B
:10843000A030019AF8F788FA0398D0F82401029046
:108440000398007B01900398007B00900146DDE9D2
:108450000230A830019AF8F777FA0398D0F828018B
:1084600002900398007B01900398007B00900146E6
:10847000DDE90230B030019AF8F766FA0398D0F8D7
:108480002C0102900398007B019001220146DDE956
:108490000230B830F8F758FA0398D0F8300102905B
:1084A0000398007B019001220146DDE90230C030D3
:1084B000F8F74AFA0021039880F82810039880F80A
:1084C0002910039880F82A10039880F82B1003983D
:1084D00080F82C1007B000BDA001002070B5044644
:1084E000E07B18B12046FEF701F911E0A37B0E4DA9
:1084F0002D8803FB05F26168D4F8F400F8F723F83F
:10850000A27B094B1B8802FB03F16068F8F777F840
:10851000637B054D2D8803FB05F2A168D4F8F000BC
:10852000F8F711F870BD0000A001002010B5044656
:1085300094F82C0068BBB4F89800A4F8A8007A203E
:10854000015BAA200153B4F8A800A4F8B0005A2097
:10855000015BB220015304F1A80204F1780104F197
:108560009800F8F763FB84F8C80004F1B00204F146
:10857000580104F1A800F8F759FB84F8C80004F189
:10858000500204F1B00104F15800F8F70BFC84F834
:10859000C80010BD10B5044694F8290068BB04F16A
:1085A000680104F16000F8F747FC84F8C80004F1A2
:1085B000580204F1500104F16000F8F737FB84F829
:1085C000C800B4F85800A4F8A8006A20015BAA20EB
:1085D000015304F1A80204F1680104F15800F8F70E
:1085E00025FB84F8C80004F1580204F1880104F165
:1085F000A800F8F75FF984F8C80010BD10B504466C
:1086000094F82A00002861D104F1800104F1780077
:10861000F8F712FC84F8C800B4F87800A4F8A800B1
:108620005A20015BAA20015304F1A80204F1580169
:1086300004F17800F8F7FAFA84F8C800B4F8A80052
:10864000A4F8B0008220015BB220015304F1B00213
:1086500004F1800104F1A800F8F7E8FA84F8C800F2
:10866000B4F89000A4F8A0009220015BA22001536E
:1086700004F1A00204F1900104F1B000F8F71AF936
:1086800084F8C80004F1B00104F1A000F8F760F923
:1086900084F8C800B4F85800A4F8A8008220015B50
:1086A000AA20015304F1A80204F1800104F158004A
:1086B000F8F7BCFA84F8C80004F1980204F1B0019C
:1086C00004F1A800F8F7B2FA84F8C80010BD000061
:1086D00070B504462046FFF701FFD4F8CC0018B16E
:1086E0002046D4F8CC108847204600F085F8D4F80E
:1086F000D00018B12046D4F8D01088472046FFF7A4
:1087000049FFD4F8D40018B12046D4F8D4108847D3
:10871000207C08B9E07BB8B92046FFF76FFFD4F89A
:10872000D80018B12046D4F8D8108847204600F069
:10873000A1F8D4F8DC0018B12046D4F8DC10884742
:108740002046FFF7F3FE13E0237B2A4D2D8803FB21
:1087500005F2D4E93A01F7F7F6FE237B254D2D8883
:108760006B43257B03FB05F2D4E93E01F7F7EBFEF3
:10877000D4F8E00018B12046D4F8E0108847002073
:1087800022E0227B00FB0202D4F8F81001EB820108
:1087900091ED000A216A01EB8001D1ED000AB4EEEF
:1087A000E00AF1EE10FA0DD2216A01EB800191EDA1
:1087B000000A227B00FB0202D4F8F81001EB8201D0
:1087C00081ED000A411CC8B2217B8142D9DC237BA8
:1087D000084D2D8803FB05F2D4F8E8102068F7F760
:1087E000B2FED4F8E40018B12046D4F8E41088476B
:1087F000206870BDA001002010B5044694F8280040
:1088000060BB607B00282ADD207BA4F8B800012132
:10881000BA20015304F1B80204F1300104F1600000
:10882000F8F704FA84F8C800207BA4F8C0000121FE
:10883000C220015304F1C00204F1400104F17000B0
:10884000F8F7F4F984F8C80004F1380204F1C00123
:1088500004F1B800F8F72EF884F8C80009E004F134
:10886000380204F1300104F16000F8F7DFF984F810
:10887000C80010BD10B5044694F82B00E0BBB4F856
:108880007800A4F8B8000121BA20015304F1B8021D
:1088900004F1380104F17800F8F7C8F984F8C80049
:1088A000B4F84800A4F8C0000121C220015304F12B
:1088B000C00204F1B80104F14800F8F773FA84F833
:1088C000C800B4F89800A4F8B8000121BA200153F8
:1088D00004F1B80204F1C00104F19800F8F7A6F918
:1088E00084F8C80004F1300204F1B80104F1380042
:1088F000F7F7E0FF84F8C80010BD000010B50F487E
:108900000F4908600320486000210D488160C16064
:108910004FF4802101614FF4E001416100210176B3
:108920000121417681760021C17601774177FAF7FE
:10893000A8FC08B1F9F718FA10BD00000064004067
:10894000E80C002008B500BF002000900E48006829
:1089500040F480000C4908600846006800F480007C
:10896000009000BF00BF002205213A20FBF7B6F9B6
:108970003A20FBF7A3F9002205213B20FBF7AEF9D3
:108980003B20FBF79BF908BD3038024000B589B0A9
:108990001F4802210023CA01CDE900101DA1204873
:1089A00009F060FE1F4800210B468022CDE900102F
:1089B0001DA1214809F056FE204800210B468022C7
:1089C000CDE900101EA1214809F04CFE20480021ED
:1089D0000B468022CDE900101EA1234809F042FE7B
:1089E000224800210B468022CDE9001020A1224818
:1089F00009F038FE1C22214902A8F7F7A4FD002146
:108A000002A808F0B5F81E49086009B000BD0000D2
:108A10000C000020696E735F5461736B00000000EE
:108A2000250A010800000020436861737369735FC1
:108A30005441534B00000000C118000804000020FE
:108A4000436C616D705F7461736B0000A519000861
:108A5000080000204765745F426173655F56656C6E
:108A60006F63697469657300352500081000002084
:108A7000494E5F5461736B00FD7B0008403D010867
:108A80001400002000B587B0142102A8F7F7B7FD45
:108A900000BF002001909348006840F00200914917
:108AA00008600846006800F00200019000BF00BFA7
:108AB00000BF002001900846006840F001000860F7
:108AC0000846006800F00100019000BF00BF00BF31
:108AD000002001900846006840F008000860084641
:108AE000006800F00800019000BF00BF00BF002038
:108AF00001900846006840F0800008600846006861
:108B000000F08000019000BF00BF00BF0020019076
:108B10000846006840F0040008600846006800F05D
:108B20000400019000BF00BF00BF00200190084674
:108B3000006840F0400008600846006800F040000F
:108B4000019000BF00BF00BF0020019008460068F0
:108B500040F0200008600846006800F02000019006
:108B600000BF00BF00BF002001900846006840F031
:108B7000100008600846006800F01000019000BF77
:108B800000BF012240215848FBF712F801224FF4A0
:108B9000E0515648FBF70CF8002202215448FBF73D
:108BA00007F8012210215248FBF702F80122114672
:108BB0005048FAF7FDFF6020029002200390002049
:108BC0000490032005900920069002A94948FAF76D
:108BD000F5FE4FF480700290122003900120049063
:108BE000032005900420069002A94148FAF7E6FE0A
:108BF00040200290012003900490059002A93A4879
:108C0000FAF7DCFE4FF4E05002900120039004904C
:108C10000020059002A93548FAF7D0FE08200290FE
:108C20004FF4881003900120049002A92E48FAF70F
:108C3000C5FE0220029001200390002004900590C0
:108C400002A92B48FAF7BAFE012002904FF4041053
:108C500003900120049002A92548FAF7AFFE1020E6
:108C600002900120039004900220059002A9204860
:108C7000FAF7A4FE302002904FF4881003900120F0
:108C8000049002A91C48FAF799FE01200290039073
:108C900004900220059002A91648FAF78FFE0022E0
:108CA00005210620FBF71AF80620FBF707F800223B
:108CB00005210920FBF712F80920FAF7FFFF00222F
:108CC00005210A20FBF70AF80A20FAF7F7FF00222D
:108CD00005211720FBF702F81720FAF7EFFF07B07E
:108CE00000BD00003038024000180240001C024065
:108CF00000000240000402400008024010B50F4886
:108D00000F4908604FF48270486000210C48816070
:108D1000C160022101610121416149028161382163
:108D2000C16100210162416281620A21C162FCF7D6
:108D30009BFA08B1F9F718F810BD000000300140A7
:108D4000100D002010B50A480A49086053204860F9
:108D500000210848816041F28731C1600021016132
:108D60008161FCF757FD08B1F8F7FEFF10BD000068
:108D700000440140480F002000B595B0002011903C
:108D80001290139014900F9010901C2108A8F7F7E0
:108D900036FC20216846F7F732FC3148314908603B
:108DA000A720486000212F48816044F61F61C16000
:108DB0000021016141618161FCF72CFD08B1F8F7E8
:108DC000D3FF4FF48050119011A92648FCF74CFEB8
:108DD00008B1F8F7C9FF2348FDF7A7F808B1F8F77D
:108DE000C3FF00200F9010900FA91E48FCF7B8FC9D
:108DF00008B1F8F7B9FF602008904FF4FA600990C5
:108E000000200A900B900C900D900E90002208A963
:108E10001448FDF708F808B1F8F7A6FF00200990FC
:108E2000042208A90F48FCF7FEFF08B1F8F79CFFE1
:108E30000020009001900290039004904FF40050A5
:108E400005900020079069460648FCF74EFC08B1E3
:108E5000F8F78AFF0348FCF759FF15B000BD000082
:108E600000000140280E002000B58DB000200990C0
:108E70000A900B900C90079008901C216846F7F719
:108E8000BEFB2048204908600020486000211E48A1
:108E9000816045F20721C160002101618161FCF719
:108EA000B9FC08B1F8F760FF4FF48050099009A9A8
:108EB0001548FCF7D9FD08B1F8F756FF1248FDF741
:108EC00034F808B1F8F750FF00200790089007A980
:108ED0000D48FCF745FC08B1F8F746FF602000900C
:108EE0000020019002900490082269460648FCF791
:108EF0009AFF08B1F8F738FF0348FCF707FF0DB0F9
:108F000000BD000000080040700E00201CB50020CD
:108F1000009001900E480F49086040F247304860C9
:108F200000210C48816040F2E731C160002181617D
:108F3000FCF770FC08B1F8F717FF002000900190D3
:108F400069460448FCF70CFC08B1F8F70DFF1CBD9E
:108F500000100040B80E002000B595B00020119020
:108F60001290139014900F9010901C2108A8F7F7FE
:108F700046FB20216846F7F742FB2B482B49086047
:108F8000A720486000212948816041F28731C160F3
:108F90000021016141618161FCF73CFC08B1F8F7F7
:108FA000E3FE4FF48050119011A92048FCF75CFDBE
:108FB00008B1F8F7D9FE1D48FCF7B7FF08B1F8F77C
:108FC000D3FE00200F9010900FA91848FCF7C8FBA3
:108FD00008B1F8F7C9FE60200890002009900A90B7
:108FE0000B900C900D900E90002208A90F48FCF7F2
:108FF0001AFF08B1F8F7B8FE002000900190029027
:10900000039004904FF400500590002007906946AB
:109010000648FCF76AFB08B1F8F7A6FE0348FCF720
:1090200075FE15B000BD000000040140000F0020D7
:1090300010B50B480B4908604FF4E130486000213F
:1090400008488160C16001610C214161002181619A
:10905000C161FDF715FA08B1F8F786FE10BD0000F2
:1090600000100140900F002010B500220D490E485D
:1090700002F043FD08B1F8F777FE0C490A4803F007
:1090800071F808B1F8F770FE0949074802F044F991
:1090900008B1F8F769FE044803F066F908B1F8F77B
:1090A00063FE10BD4C050020B87F0020C0050020E5
:1090B0009C05002000BFFEE710B540F201203D49AD
:1090C000C1F8EE00411C3B48C0F8AF11491CC0F884
:1090D000701200221146DFED384A9FED374ADFED6E
:1090E000363A9FED353ADFED352A9FED352ADFED33
:1090F000351A9FED311ADFED340A9FED340AF33053
:1091000000F0D8FC00221146DFED2B4A9FED2A4AE1
:10911000DFED293A9FED283ADFED2D2A9FED2C2A2D
:10912000DFED281A9FED241ADFED270A9FED270AAD
:10913000284800F0BFFC00221146DFED1F4A9FEDDA
:109140001E4ADFED1D3A9FED1C3ADFED232AB7EEF4
:10915000002ADFED221A9FED181ADFED1B0A9FEDA2
:109160001B0A1C48C13000F0A5FC00221146DFEDAF
:10917000124A9FED114ADFED103A9FED0F3ADFEDF5
:109180000E2A9FED0D2ADFED0E1A9FED151ADFED69
:109190000A0AB0EE040A0748443000F08BFC9FED49
:1091A000060A044880ED0D0A9FED030A80ED0E0AC1
:1091B00010BD00008073002000000000A69B443C0E
:1091C000CDCCCC3DCDCC6C4000007A440080BB457A
:1091D0000AD7A33C34750020F4FD543CB4C8564073
:1091E000CDCC4C3E70B504460D462868A0F2012057
:1091F00020B1012821D002285DD13DE0607821789E
:1092000040EA012001B22D48A0F8A511E078A1782C
:1092100040EA012001B22948A0F8A3116079217920
:1092200040EA012001B22548A0F8A711C12200F1AF
:10923000EE012348F7F742F93DE06078217840EAF3
:10924000012001B21D48A0F86612E078A17840EA3A
:10925000012001B21948A0F864126079217940EA2E
:10926000012001B21548A0F86812C12200F2AF1126
:109270001448F7F723F91EE06078217840EA0120CE
:1092800001B20E48A0F82713E078A17840EA012047
:1092900001B20A48A0F825136079217940EA01203B
:1092A00001B20648A0F82913C12200F51C71064836
:1092B000F7F704F900BF00BF70BD00008073002005
:1092C0003E7B0020BC7900207D7A002000BFFEE7B5
:1092D00010B52DED028B0446B0EE408AF0EE608AA8
:1092E000D4F8060090ED010A8A4880ED000A0020BB
:1092F0001DE054F8062F411C02EB810191ED000A9C
:109300008449D1ED000A30EE600A216801EB80014A
:1093100081ED000A6268411C02EB810191ED000AB7
:10932000A41F02EB800181ED000A411C88B2218854
:10933000491E8142DDDCD4F806102088801E01EB36
:10934000800090ED000A30EE080A2088401E01EBF4
:10935000800080ED000AD4F80A102088401E01EB3E
:109360008000C0ED008AD4F802002188884204D22F
:10937000D4F80200401CC4F80200102104F11A00C5
:10938000F7F71BF921886288891A88B24AE054F8F5
:10939000061F01EB8001D1ED000A216801EB80017D
:1093A00091ED001A616900EE101A00EE810A10EECC
:1093B000101A616154F8061901EB8001D1ED000A21
:1093C000D4F81E1000EE101A30EE800A10EE101ABB
:1093D000C4F81E10D4F8061001EB8001D1ED000A8C
:1093E000D4F80A1001EB800191ED001AD4F8221094
:1093F00000EE101A00EE810A10EE101AC4F82210C6
:10940000D4F80A1001EB8001D1ED000AD4F826103F
:1094100000EE101A30EE800A10EE101AC4F8261072
:10942000411C88B221888142B1DCD4F8220000EED0
:10943000100A208800EE900AF8EE600A20EE200A5A
:10944000D4F81E0000EE900AD4F8260001EE100AAF
:1094500000EEC10AD4F81A0000EE900A208801EE4E
:10946000100AB8EE411A20EE811AD4F81E0000EE60
:10947000900A01EE900A00EEE11AC0EE010A10EE29
:10948000900AC4F80E009FED240A10EE100AC4F8EA
:10949000160021886288891A88B221E054F8061FD4
:1094A00001EB800191ED001AE16800EE101AA1684D
:1094B00000EE901A00EE810A616801EB8001D1EDA7
:1094C000000A30EE600AF0EEC00A216900EE101AC0
:1094D00030EE800A10EE101A2161A41F411C88B2E0
:1094E00021888142DADCD4F8160000EE100A2088C8
:1094F00000EE900AB8EE601AC0EE010A10EE900A73
:10950000C4F81600D4F80E0000EE100ABDEC028B71
:1095100010BD0000B40100200000000070B504463A
:109520000D46A41C24F8025C00202060A80008F06E
:10953000E7F86060A80008F0E3F8A0609FED0C0A6F
:1095400010EE100AE0609FED0A0A10EE100A20618A
:10955000A9006068F7F753F8A900A068A41EF7F700
:109560004EF8102104F11A00F7F727F870BD00003B
:109570000000000010B50248FAF7E0FD10BD000041
:10958000DC9400202DE9F04704460D462668374656
:10959000D6F8408007F5306000EB4510D0F8089011
:1095A000104880450BD909F40040B0F5004F06D1B2
:1095B0004FF4004107F5306000EB45108160204614
:1095C000FBF77BFA0748804508D92069012805D1B7
:1095D00004F2C4420121206803F05CFC0020BDE8D5
:1095E000F08700000A30544F2DE9F04705460C463D
:1095F000D5F800904E46D9F840A006F5306000EB53
:109600004410D0F808802869012855D108F00800D6
:1096100008280FD1434882450BD908F40040B0F523
:10962000004F7BD14FF4004106F5306000EB441051
:10963000816073E008F02000202806D1202106F583
:10964000306000EB4410816068E008F028000028DA
:1096500064D1344882450CD908F40040B0F5004F7D
:1096600007D14FF4004106F5306000EB44108160F3
:1096700054E004EBC40105F51F7000EB810706F50B
:10968000306000EB4410F9690069C0F31200081A59
:10969000386264B9B86930B905F2C442012128685A
:1096A00003F0F8FB03E0396A386908443861E1B235
:1096B0002846FAF7A9FB31E01B4882451BD108F484
:1096C0000040B0F5004F07D14FF4004106F530607F
:1096D00000EB4410816021E008F02000202805D133
:1096E000202106F5306000EB44108160E1B228468D
:1096F000FAF78AFB12E06CB904EBC40105F51F70A0
:1097000000EB8100806928B905F2C4420021286875
:1097100003F0C0FBE1B22846FAF776FB0020BDE873
:10972000F08700000A30544F0A31544F2DE9F84FAA
:1097300007460E46D7F80090C84606EBC60107F16B
:109740003C0000EB8104A169206A884202D9012013
:10975000BDE8F88F216AA069451AE068A84200D2E6
:10976000E568E81C4FEA900A17E0216AA069451AEB
:10977000E068A84200D2E568E81C4FEA900A387C0D
:10978000ABB2F2B200904846216904F037F8206984
:1097900028442061206A2844206208F5106000EB0C
:1097A0004610806980B2504506D3A169206A88427C
:1097B00002D2A0690028D8D1216AA06988420ED8B7
:1097C00006F00F01012000FA01FB40F6340050F8CA
:1097D000080020EA0B0040F6340141F808000020A0
:1097E000B6E710B52DED028B0446B0EE408AF0EEE0
:1097F000608A94F8980000F0800010B1204606F0CE
:1098000029FD04F18C00F8F793F910EE100AC4F862
:10981000900018EE100A206118EE900A206020686F
:1098200000EE100A206900EE900A30EE600A10EE99
:10983000100AA061D4F8A20018B1D4F8A2102046F2
:109840008847A06900EE100AB5EEC00AF1EE10FAE2
:1098500003DDA06900EE100A04E0A06900EE100A22
:10986000B1EE400AA06C00EE900AB4EEE00AF1EE10
:1098700010FA7EDDD4F8940098BB606800EE100A00
:10988000A06900EE900A20EE200A10EE100A606235
:10989000A06800EE100AA06900EE900A60EE200AAF
:1098A000D4F8900000EE100A20EE800A10EE100AA4
:1098B0002063B4F86000022814DDA06900EE900A6D
:1098C000D4F8900000EE100A04F16200FFF700FDEA
:1098D000E06800EE900A20EE200A10EE100AE06226
:1098E0007FE016E0A06900EE100AE06900EE900A41
:1098F00070EE600AE06800EE100A20EE801AD4F8DC
:10990000900000EE100AC1EE000A10EE900AE0622C
:1099100067E0606800EE100AD4F89400006800EE7A
:10992000900A70EE200AA06900EE100A20EE800A6C
:1099300010EE100A6062A06800EE100AD4F89400DD
:10994000406800EE900A70EE200AA06900EE100A4E
:1099500060EE800AD4F8900000EE100A20EE800A33
:1099600010EE100A2063B4F8600002281CDDA06924
:1099700000E08EE000EE900AD4F8900000EE100AAD
:1099800004F16200FFF7A4FCE06800EE900AD4F84E
:109990009400806801EE100A70EE810A20EE200A21
:1099A00010EE100AE0621CE0E06800EE100AD4F845
:1099B0009400806800EE900A30EE201AA06900EE54
:1099C000100AE06900EE900A30EE600A21EE001AFB
:1099D000D4F8900000EE100AC1EE000A10EE900AD2
:1099E000E062D4F8A60018B1D4F8A6102046884743
:1099F00094F8980000F0040010B1204606F0A7FC8F
:109A000094F8980000F0200010B1204606F03EFACD
:109A100094F8980000F0020010B1204606F0D9FA40
:109A200094F8980000F0400010B1204606F0A6FA25
:109A300094F8980000F0010010B1204606F044FBB5
:109A4000A06A00EE100A206B00EE900A30EE200AA9
:109A500010EE100AA062606A00EE100AA06A00EE22
:109A6000900A70EE200AE06A00EE100A30EE800ADA
:109A700010EE100A606394F8980000F0100010B126
:109A8000204606F099FB204606F0C1FB204606F072
:109A90003BFC20696061606BA063E06AE063A069E1
:109AA000E061206B2062606B00EE100ABDEC028B5F
:109AB00010BD000070B52DED0A8B0446B0EE408A53
:109AC000F0EE608AB0EE419AF0EE619AB0EE42AAF2
:109AD000F0EE62AAB0EE43BAF0EE63BAB0EE44CA5A
:109AE000F0EE64CA0D46164619EE100AA06418EE90
:109AF000900A606418EE100A20649FED1C0A10EEB4
:109B0000100A206019EE900A60601AEE100AA06038
:109B10001AEE900AE0609FED150A10EE100A20631D
:109B20001BEE100A20651BEE900A60651CEE100A01
:109B3000A0651CEE900AE065A4F86050294604F187
:109B40006200FFF7EBFC00208D3444F8010CE67254
:109B50000021E16021618D3CA12001559FED030AA8
:109B600010EE100A6063BDEC0A8B70BD00000000AF
:109B700000B50346987801286DD1587800286AD13D
:109B80001878062860D2DFE800F00314293C3D4E27
:109B90006448D0ED021AB0EE611AD0ED011AF0EE71
:109BA000610AD0ED001AB0EE610A184607F0BAFE5D
:109BB0004BE05C48D0ED051AB0EE611AD0ED041A06
:109BC000F0EE610AD0ED031AB0EE610A184607F014
:109BD000A9FE002098705449487136E05148D0EDF4
:109BE0000B1AB0EE611AD0ED0A1AF0EE610AD0ED50
:109BF000091AB0EE610A184607F094FE002098702A
:109C000023E022E04748D0ED0E1AB0EE611AD0ED05
:109C10000D1AF0EE610AD0ED0C1AB0EE610A18468A
:109C200007F080FE11E04148D0ED0E1AB0EE611A47
:109C3000D0ED051AF0EE610AD0ED041AB0EE610A1B
:109C4000184607F06FFE00E000BF00BF58780428F8
:109C500001D1052058705878052802D0987800283E
:109C60005FD1187806285AD2DFE800F003142536B1
:109C700037482C48D0ED021AB0EE611AD0ED011A27
:109C8000F0EE610AD0ED001AB0EE610A184607F056
:109C900049FE45E02348D0ED051AB0EE611AD0ED3B
:109CA000041AF0EE610AD0ED031AB0EE610A18460C
:109CB00007F038FE34E01B48D0ED0B1AB0EE611A05
:109CC000D0ED0A1AF0EE610AD0ED091AB0EE610A81
:109CD000184607F027FE23E022E01248D0ED0E1AC6
:109CE000B0EE611AD0ED0D1AF0EE610AD0ED0C1A4B
:109CF000B0EE610A184607F015FE11E00B48D0EDF2
:109D00000E1AB0EE611AD0ED051AF0EE610AD0ED30
:109D1000041AB0EE610A184607F004FE00E000BF26
:109D200000BF00BD100100201472002080730020CD
:109D300010B504460120207000206070A07084F8E7
:109D400031029FED3B0A10EE100AC4F803009FEDAC
:109D5000380A10EE100AC4F807009FED350A10EE1D
:109D6000100AC4F80B009FED320A10EE100AC4F876
:109D70000F0000221146DFED2E4A9FED2D4ADFED48
:109D80002C3A9FED2B3ADFED2A2A9FED292ADFEDB1
:109D9000291A9FED291ADFED260A9FED280A04F102
:109DA0001300FFF787FE00221146DFED214A9FEDE9
:109DB000204ADFED1F3A9FED1E3ADFED1D2A9FED91
:109DC0001C2ADFED1C1A9FED1C1ADFED190A9FED0E
:109DD0001B0A04F1BD00FFF76DFE00221146DFED06
:109DE000144A9FED134ADFED123A9FED113ADFED71
:109DF000102A9FED0F2ADFED121A9FED121ADFEDE8
:109E00000C0AB0EE000A04F26710FFF753FE9FED54
:109E1000080A10EE100AC4F811029FED050A10EEB0
:109E2000100AC4F815020020C4F8320210BD000068
:109E3000000000003333F33FCDCC8C3F0000DC4208
:109E40006666E63ECDCCCC3D2DE9F0412DED048B90
:109E500005460C4690461E46B34A5278C2F340115E
:109E60006A78C2F3401005F0B9FF38B12078401C81
:109E700020702078022801DD00202070AA4A527844
:109E8000C2F380016A78C2F3800005F0A7FF60B1D9
:109E9000207810B12078012802D10220207004E03F
:109EA0002078022801D1012020709F4A5278C2F305
:109EB00080116A78C2F3801005F090FF08B100208D
:109EC0002070207820B1012813D002287DD114E120
:109ED0009FED960A84ED010A9FED940A84ED020A33
:109EE0009FED920A84ED030A94ED0E0A84ED0D0AAB
:109EF00015E16078002869D1ED1C688800EE100A31
:109F0000B8EE400ADFED8A0A70EEC00A9FED881AAB
:109F100080EE810ADFED870A20EE200A84ED010A37
:109F2000B2EE040A201D05F063FF288800EE100A37
:109F3000B8EE400ADFED7E0A30EE600A9FED7C1A33
:109F4000C0EE010A9FED7B0A20EE800A84ED020A32
:109F5000B2EE040A04F1080005F04AFFA888ED1EDD
:109F600000EE100AB8EE400ADFED710A70EE600AEA
:109F70009FED6F1A80EE810AF6EE000A20EE200AAD
:109F800010EE107A384609F045FC41EC190B9FEDB4
:109F90006A0B53EC102B08F059FF41EC180B08F03A
:109FA00067FE20639FED660A04F1300005F020FF94
:109FB00094ED0D0AD4ED0C0A30EE200A84ED0D0A62
:109FC00094ED0D0AD4ED0E0A01E0A7E085E030EE35
:109FD000600ADFED5C0AB4EEE00AF1EE10FA07DD8C
:109FE00094ED0D0ADFED580A30EE600A84ED0D0A9B
:109FF00094ED0D0AD4ED0E0A30EE600ADFED530A3F
:10A00000B4EEE00AF1EE10FA07D294ED0D0ADFED9E
:10A010004E0A30EE200A84ED0D0A94ED0D1AF0EE92
:10A02000410A94ED0E1AB0EE410A04F14400FFF724
:10A03000D8FB84ED030A687800F0010070B16878FD
:10A0400000F001003849497801F00101884205D04B
:10A05000307A08B9012000E000203072A878C0F3FF
:10A06000001020B19FED330A84ED010A05E00020C5
:10A0700018B19FED2E0A84ED010AA878C00920B11D
:10A080009FED330A84ED010A08E0A878002101EA77
:10A09000D01018B19FED250A84ED010AA878C0F30D
:10A0A000801020B19FED230A84ED020A05E0002014
:10A0B00018B19FED1E0A84ED020AA878C0F3401083
:10A0C00020B19FED230A84ED020A15E0002098B12B
:10A0D0009FED160A84ED020A0EE0607801280BD18C
:10A0E0009FED120A84ED010A9FED100A84ED020A29
:10A0F0009FED0E0A84ED030A11E01648D0F8210204
:10A1000060601448D0F82502A0601248D0F82902F7
:10A11000E0601048D0F81102606300E000BF00BFAB
:10A12000BDEC048BBDE8F081147700200000000036
:10A1300000FEFF460000C842000000000000004092
:10A14000CDCC4C3E000034430000B443000034C387
:10A150000000C8C2607700207CB504460D46164654
:10A16000164800681821B0FBF1F01549B0FBF1F07A
:10A170004FF47A71484301906068B0F5827F0DD149
:10A180002B46002280212046009600F01BF898B153
:10A19000606D40F02000606503207CBD00BF019829
:10A1A00000B908E00198401E019020688068C0F363
:10A1B000C0100028F3D100BF0020EEE724000020EB
:10A1C00040420F002DE9F84F04460D4690461E46CA
:10A1D000DDF82890F9F7F2FCA0EB0900371AF9F73F
:10A1E000EDFC82462C480068C0F3CB3078430090E9
:10A1F00045E0701C002842D0F9F7E0FCA0EB0A0013
:10A20000B84200D2A7BB2068406820F0E000216877
:10A2100048606068B0F5827F0DD1A068B0F5004F4E
:10A2200003D0A068B0F5806F05D12068006820F0E9
:10A23000400021680860A06AB0F5005F0DD100BF42
:10A240002068006820F400502168086020680068D9
:10A2500040F400502168086000BF012084F85100DC
:10A2600000BF002084F8500000BF0320BDE8F88F35
:10A27000FFE7009800B900270098401E0090206872
:10A2800080682840A84201D1012000E0002040451C
:10A29000AFD10020EAE700002400002030B50146DD
:10A2A0000A461378521C147843EA042030BD00009B
:10A2B00000229FED101AC0EE010A9FED0F1A60EE0A
:10A2C000810AFCEEE00A10EE903A03F5FA739AB2B6
:10A2D00011B903685A630BE0042902D103689A6339
:10A2E00006E0082902D10368DA6301E003681A6412
:10A2F00070470000000034430000FA44B5EEC00A85
:10A30000F1EE10FA04D1F5EEC00AF1EE10FA52D0D7
:10A310006F4A92ED001A30EE411AB0EEC11AF0EE1B
:10A32000081AB4EEE11AF1EE10FA13DD92ED001AFC
:10A33000B4EEC10AF1EE10FA02DDB0EE081A01E047
:10A34000B8EE081A624AD2ED001A31EE211A80EDF9
:10A35000001A01E080ED000A5E4A92ED001A30EE2C
:10A36000C11AB0EEC11AF0EE081AB4EEE11AF1EE1D
:10A3700010FA13DD92ED001AF4EEC10AF1EE10FAB4
:10A3800002DDB0EE081A01E0B8EE081A514AD2ED2B
:10A39000001A31EE211A81ED001A01E0C1ED000A28
:10A3A00090ED001A4A4A82ED001A91ED001A494ACE
:10A3B00082ED001A8BE0464A92ED001AB5EEC01A03
:10A3C000F1EE10FA18DD92ED001AF1EE041A31EEFA
:10A3D000611A82ED001A92ED001AB5EEC01AF1EE84
:10A3E00010FA02D29FED3C1A02E0394A92ED001AAF
:10A3F000374A82ED001A1FE0354A92ED001AB5EE99
:10A40000C01AF1EE10FA17D292ED001AF1EE041A0A
:10A4100031EE211A82ED001A92ED001AB5EEC01A43
:10A42000F1EE10FA02DD9FED2C1A02E0284A92EDBF
:10A43000001A274A82ED001A264A92ED001AB5EE5C
:10A44000C01AF1EE10FA18DD92ED001AF1EE041ABE
:10A4500031EE611A82ED001A92ED001AB5EEC01AC3
:10A46000F1EE10FA02D29FED1C1A02E0194A92EDA9
:10A47000001A184A82ED001A1FE0164A92ED001ADF
:10A48000B5EEC01AF1EE10FA17D292ED001AF1EE05
:10A49000041A31EE211A82ED001A92ED001AB5EE7F
:10A4A000C01AF1EE10FA02DD9FED0B1A02E0094A24
:10A4B00092ED001A074A82ED001A054A92ED001A41
:10A4C00080ED001A034A92ED001A81ED001A7047E0
:10A4D000F0000020F400002000000000FEF7C4FDA2
:10A4E000FDF7EEF900BF012006F031FBFBE710B5E8
:10A4F000F9F76AFB08F046F9012801D007F082FD60
:10A5000010BD000000B593B0302107A8F6F777F82A
:10A51000142102A8F6F773F800BF00200190244828
:10A52000006840F08050224908600846006800F04A
:10A530008050019000BF00BF00BF002001901D4867
:10A54000006840F480401B4908600846006800F439
:10A550008040019000BF00BF0120079000040890D8
:10A5600002200D9041050E9106210F91A821109116
:10A57000022111910721129107A8FAF727FC08B1CF
:10A58000F7F7F2FB0F2002900220039000200490C6
:10A590004FF4A05005904FF480500690052102A87A
:10A5A000FAF7D4FA08B1F7F7DFFB13B000BD0000EB
:10A5B00040380240007000400348006840F47000DA
:10A5C000014908607047000088ED00E010B50248BE
:10A5D000FBF7D1FA10BD0000700E002010B5026824
:10A5E000294B98420ED0B0F1804F0BD0274B9842A8
:10A5F00008D0274B984205D0264B984202D0264BD4
:10A60000984203D122F070024B681A431E4B9842C5
:10A6100020D0B0F1804F1DD01C4B98421AD01C4B5B
:10A62000984217D01B4B984214D01B4B984211D024
:10A630001A4B98420ED01A4B98420BD0194B9842A5
:10A6400008D0194B984205D0184B984202D0184BAD
:10A65000984203D122F44072CB681A4322F080035F
:10A660004C6943EA040202608B68C3620B68836230
:10A67000054B984202D0084B984201D10B69036305
:10A680000123436110BD00000000014000040040B0
:10A6900000080040000C0040000401400040014060
:10A6A000004401400048014000180040001C0040E8
:10A6B0000020004030B501F01F05012404FA05F325
:10A6C000046A9C430462046A01F01F0502FA05F55E
:10A6D0002C43046230BD30B50C46816821F47F41C3
:10A6E00042EA032525432943816030BD0A4681683B
:10A6F00021F0700142F007031943816070470000A8
:10A7000030B5056A25F001050562026A436884696F
:10A7100024F0700424F003040D682C4322F002029C
:10A720008D682A43104DA84200D103E00F4DA84286
:10A7300006D100BF22F00802CD682A4322F00402AD
:10A74000094DA84202D0094DA84207D123F48073D5
:10A7500023F400734D692B438D692B43436084615F
:10A760004D684563026230BD0000014000040140B5
:10A7700030B5056A25F010050562026A43688469F0
:10A7800024F4E04424F440740D6844EA052422F0E3
:10A7900020028D6842EA0512124DA84200D103E062
:10A7A000114DA84207D100BF22F08002CD6842EAD5
:10A7B000051222F040020B4DA84202D00A4DA842D9
:10A7C00009D123F4806323F400634D6943EA8503D0
:10A7D0008D6943EA8503436084614D688563026245
:10A7E00030BD0000000001400004014030B5056AA2
:10A7F00025F480750562026A4368C46924F0700418
:10A8000024F003040D682C4322F400728D6842EAA0
:10A810000522124DA84200D103E0114DA84207D1F4
:10A8200000BF22F40062CD6842EA052222F4806271
:10A830000A4DA84202D00A4DA84209D123F4805300
:10A8400023F400534D6943EA05138D6943EA051368
:10A850004360C4614D68C563026230BD00000140C1
:10A860000004014030B5056A25F480550562036A8D
:10A870004468C26922F4E04222F440720D6842EA60
:10A88000052223F400538D6843EA0533084DA8429E
:10A8900002D0084DA84204D124F480444D6944EA12
:10A8A00085144460C2614D680564036230BD0000D8
:10A8B00000000140000401400368DB6A934202D2B9
:10A8C0000368DB6A9AB231B1042907D0082908D09D
:10A8D0000C290CD108E003685A6308E003689A6306
:10A8E00005E00368DA6302E003681A6400BF00BF92
:10A8F000704730B50B461446026A056A25F001051B
:10A900000562816921F0F00141EA041122F00A0296
:10A910001A438161026230BD30B50B461446056AA8
:10A9200025F0100505628169026A21F4704141EA4F
:10A93000043122F0A00242EA03128161026230BDBA
:10A94000827812B9D0F832223AB1D0F83222962A5F
:10A950001FD2D0F83222462A1BD94A7A062A17D2A9
:10A96000DFE802F003060C0F1215002242700FE020
:10A97000012242700022C0F8322209E00222427015
:10A9800006E00322427003E00422427000E000BFB0
:10A9900001E005224270704770B50546AC6B00209F
:10A9A000E085E0842046FBF7D3FB70BD00BF00BF0D
:10A9B00002680C3252E8002F22F4907102680C32C7
:10A9C00042E80013002BF3D100BF00BF00BF0268B4
:10A9D000143252E8002F22F001010268143242E8DA
:10A9E0000013002BF3D100BF016B01290ED100BF72
:10A9F00000BF02680C3252E8002F22F010010268FA
:10AA00000C3242E80013002BF3D100BF202180F864
:10AA10003E1000210163704710B504462068C068ED
:10AA200020F040002168C860202084F83D002046C6
:10AA3000FBF75AFE002010BDF8B5044694F83E001E
:10AA4000222873D1A068B0F5805F0CD1206950B97D
:10AA50000025A66A20684068C0F308003080A06A1C
:10AA6000801CA06215E0A56A0026A068B0F5805F92
:10AA700003D0A06828B9206918B9206840682870F8
:10AA800004E02068406800F07F002870A06A401C45
:10AA9000A062E08D401E80B2E085002844D120688D
:10AAA000C06820F020002168C8602068C06820F4D9
:10AAB00080702168C8602068406920F0010021682A
:10AAC0004861202084F83E00206B012826D1002018
:10AAD000206300BF00BF21680C3151E8001F21F046
:10AAE000100021680C3141E80002002AF3D100BFB8
:10AAF0002068006800F0100010280AD100BF002074
:10AB0000009020680068009020684068009000BFB6
:10AB100000BFA18D2046FBF719FB02E02046FBF7A2
:10AB200077FD0020F8BD01E00020FBE70220F9E7F7
:10AB30002DE9F84F04462068006920F44050E16890
:10AB40000843216808612169A068084361690843D6
:10AB5000E169084300902068C06849F20C618843AD
:10AB6000009908432168C8602068406920F440705B
:10AB7000A16908432168486176492068884203D06A
:10AB800075492068884203D1FAF7B8F8814602E097
:10AB9000FAF7A4F88146E069B0F5004F6CD10220C5
:10ABA0006168A0FB015003461920A9FB0070014613
:10ABB0002A463846F5F70BFC6421B0FBF1F04FEA6A
:10ABC000001A02206168A0FB01510B461920A9FB65
:10ABD00000712A463846F5F7FAFB83460220616881
:10ABE000A0FB015003461920A9FB00712A463846F4
:10ABF000F5F7EDFB6421B0FBF1F000EBC00101EBD8
:10AC00000010ABEB8000322101EBC0006421B0FBEF
:10AC1000F1F000F0F8000AEB400A02206168A0FBA6
:10AC2000015003461920A9FB007001462A46384608
:10AC3000F5F7CDFB834602206168A0FB0150034677
:10AC40001920A9FB00712A463846F5F7C0FB64219C
:10AC5000B0FBF1F000EBC00101EB0010ABEB8000AA
:10AC6000322101EBC0006421B0FBF1F000F00700DD
:10AC70005044216888606AE004206168A0FB0150AC
:10AC800003461920A9FB007001462A463846F5F70D
:10AC90009EFB824604206168A0FB015003461920F8
:10ACA000A9FB007001462A463846F5F790FB64215F
:10ACB000B0FBF1F000EBC00101EB0010AAEB80004B
:10ACC000322101EB00106421B0FBF1F000F0F00A3A
:10ACD00004206168A0FB017003461920A9FB005104
:10ACE0003A462846F5F773FB6421B0FBF1F00AEB16
:10ACF000001A04206168A0FB01510B461920A9FB32
:10AD000000712A463846F5F762FB834604206168E5
:10AD1000A0FB015003461920A9FB007001462A46FA
:10AD20003846F5F754FB6421B0FBF1F000EBC001AD
:10AD300001EB0010ABEB8000322101EB001064212D
:10AD4000B0FBF1F000F00F00504421688860BDE8CE
:10AD5000F88F0000001001400014014010B50346B8
:10AD600099629A85DA8500201864222083F83E00D3
:10AD700000BF002083F83C0000BF186928B11868A4
:10AD8000C06840F480701C68E0601868406940F05A
:10AD900001001C6860611868C06840F020001C68F1
:10ADA000E060002010BD014691F83D00212828D127
:10ADB0008868B0F5805F0BD1086948B90A6A1088C5
:10ADC000C0F308000B685860086A801C086205E040
:10ADD0000B6A581C086218780B685860C88C401EB3
:10ADE00080B2C88458B90868C06820F080000B6839
:10ADF000D8600868C06840F040000B68D860002048
:10AE000070470220FCE7000010B50248FBF7C8F9C4
:10AE100010BD0000900F00202DE9F04104460D46C2
:10AE2000D4F8C87204F53070D4F8D41250F8210068
:10AE300010B90320BDE8F08104F53070D4F8D412C5
:10AE400050F8216005F00F0000EB800104F11400C0
:10AE500000EB8100406838B305F00F0000EB800183
:10AE600004F1140000EB8100416805F00F0000EBD5
:10AE7000C00207F13C0000EB8200C068B1FBF0F2B9
:10AE800000FB121080B9002105F00F0000EB8002DA
:10AE900004F1140000EB8200416000231A462946A9
:10AEA000204601F02CF917E00020C6F8140204F542
:10AEB0003170D4F8D41250F82100006960B1D6F88E
:10AEC000080204F53171D4F8D42251F822102A4630
:10AED0000B6906F5047198470020ABE770B504468E
:10AEE0000E4604F53070D4F8D41250F82150D4F83E
:10AEF000D41250F8210008B9032070BD3146204615
:10AF000000F059FFC5F80C02D5F8040204F53171C0
:10AF1000D4F8D43251F82310CA6805F5037190476C
:10AF20000020EAE770B504460D4630480178204617
:10AF300000F013FE00212D48007800F00F0000EB18
:10AF4000800204F1140000EB82000182284801789D
:10AF5000204600F002FE00212548007800F00F0096
:10AF600000EB800204F5AA7000EB82000182214808
:10AF70000178204600F0F1FD00211E48007800F025
:10AF80000F0000EB800204F1140000EB820001824C
:10AF90001848007800F00F0000EB800204F1140064
:10AFA00000EB8200418204F53070D4F8D41250F8DE
:10AFB0002100C8B104F53171D4F8D42251F822101F
:10AFC0004868804704F53071D4F8D42251F8220043
:10AFD00001F0BEFB002104F53070D4F8D42240F813
:10AFE00022100020C4F8BC02002070BD3B060020E7
:10AFF0003C0600203D06002070B5044604F5307084
:10B00000D4F8D41250F821500DB9032070BD04F5C6
:10B010003170D4F8D41250F8210098B195F800029C
:10B02000FF280FD095F8012295F8000204F5317140
:10B03000D4F8D46251F826108B6829469847FF202F
:10B0400085F800020020E1E701460A200880014857
:10B0500070470000B40500202DE9F041044682212C
:10B060000D4800F0A0FC054601210B4800F09BFCB8
:10B0700006468121084800F096FC07460DB11020D5
:10B08000A8710EB14020B0800FB14020B88043209D
:10B0900020800148BDE8F081F80500202DE9F0414D
:10B0A000044682210E4800F07EFC054601210C4832
:10B0B00000F079FC06468121094800F074FC07463F
:10B0C0000DB11020A87116B14FF40070B08017B107
:10B0D0004FF40070B880432020800148BDE8F08123
:10B0E000F80500202DE9F041044682210D4800F0CA
:10B0F0005AFC054601210B4800F055FC064681210B
:10B10000084800F050FC07460DB11020A8710EB1A0
:10B110004020B0800FB14020B880432020800148FB
:10B12000BDE8F081F805002070B504460E464FF4E6
:10B13000077001F00FFB054645B9002104F530709A
:10B14000D4F8D42240F82210022070BD4FF40771C9
:10B150002846F5F754FA04F53070D4F8D41240F8C4
:10B160002150D4F8D41250F82100C4F8BC02207C3D
:10B1700098BB4FF40073022250480178204600F03B
:10B18000BBFE01214D48007800F00F0000EB80026B
:10B1900004F1140000EB820001824B0202224848B5
:10B1A0000178204600F0A8FE01214548007800F013
:10B1B0000F0000EB800204F5AA7000EB8200018210
:10B1C00010214048007800F00F0000EB800204F1ED
:10B1D000140000EB8200418232E0FFE740230222AC
:10B1E00036480178204600F087FE01213348007878
:10B1F00000F00F0000EB800204F1140000EB82006D
:10B200000182402302222E480178204600F074FE7D
:10B2100001212B48007800F00F0000EB800204F5BC
:10B22000AA7000EB8200018210212648007800F00D
:10B230000F0000EB800204F1140000EB8200418259
:10B24000082303221F480178204600F055FE012103
:10B250001C48007800F00F0000EB800204F114009D
:10B2600000EB820001820020C5F8040204F5317170
:10B27000D4F8D42251F82210086880470020C5F87D
:10B280001402C5F81802D5F8040208B902205CE7D8
:10B29000207C48B94FF40073094801782046D5F85E
:10B2A000042200F041FE07E04023054801782046D3
:10B2B000D5F8042200F038FE002046E73B060020C7
:10B2C0003C0600203D06002070B5044604F53070B1
:10B2D000D4F8D41250F82150D4F8D41250F82100E8
:10B2E00008B9032070BD207C48B94FF400730948A9
:10B2F00001782046D5F8042200F016FE07E040232E
:10B30000044801782046D5F8042200F00DFE002004
:10B31000E8E700003C060020024609B90320704718
:10B3200002F53170D2F8D43240F823100020F6E74D
:10B3300010B5024602F53070D2F8D44250F82430ED
:10B340000BB9032010BDC3F804120020FAE730B592
:10B3500003460C4603F53070D3F8D45250F825104C
:10B3600009B9032030BDC1F80842C1F810220020FD
:10B37000F8E72DE9FC4105460C4605F53070D5F897
:10B38000D41250F82160002001900090804616B938
:10B390000320BDE8FC81207800F0600000283DD04B
:10B3A00020287CD1E08868B3207800F08000B8B114
:10B3B000E288607805F53171D5F8D4C251F82C10C7
:10B3C0008B6831469847E088072801D9072000E0BC
:10B3D000E08807463A463146284600F015F91CE059
:10B3E000607886F80002E088402801D2E08800E01A
:10B3F000402086F8010296F801223146284600F0E6
:10B40000E2F80AE0607805F53171D5F8D42251F8F8
:10B41000221000228B682146984747E0607830B1BF
:10B42000012832D00A2813D00B282FD121E095F81B
:10B430009C02032805D102226946284600F0E4F860
:10B4400005E02146284600F0B2F84FF0030824E05A
:10B4500095F89C02032805D1012201A9284600F095
:10B46000D3F805E02146284600F0A1F84FF0030884
:10B4700013E095F89C02032805D02146284600F0E9
:10B4800096F84FF0030808E009E006E02146284658
:10B4900000F08DF84FF0030800BF00BF06E0214622
:10B4A000284600F084F84FF0030800BF00BF404674
:10B4B0006FE7000070B5044604F53070D4F8D4127C
:10B4C00050F821500126D4F8D41250F8210008B9C0
:10B4D000032070BDD5F81402C8B90120C5F81402C4
:10B4E0000C48007800F00F0000EB800204F114001B
:10B4F00000EB8200D5F81012416006480178204622
:10B50000D5F81032D5F8082200F0F9FD00263046B3
:10B51000DFE700003B06002070B504460D4600261C
:10B52000D4F8B802294642682046904700B1032665
:10B53000304670BD70B504460D4694F89C02012853
:10B5400004D0022803D003280CD101E000BF00BFC3
:10B550006888012805D10020C4F8A402204600F024
:10B5600064F804E02946204600F021F800BF00BF3F
:10B5700070BD02460020704702460020704770B53B
:10B5800006460C4615462B4622460021304600F062
:10B59000CBFC002070BD70B506460C4615462B4608
:10B5A00022460021304600F0AAFD002070BD70B593
:10B5B00004460D468021204600F075FD00212046FE
:10B5C00000F071FD70BD70B504460E4615460320AF
:10B5D000C4F894024FF4AC700551001D05512B4680
:10B5E00032460021204600F09FFC002070BD10B5BF
:10B5F00004460520C4F8940200231A461946204642
:10B6000000F092FC002010BD70B504460E461546B1
:10B610000220C4F89402A561E5612B463246002160
:10B62000204600F06CFD002070BD10B504460420DB
:10B63000C4F8940200231A461946204600F05FFD24
:10B64000002010BD70B505460C462DB922460649AE
:10B6500006A000F012FA04E02246034903A000F01D
:10B660000CFA014870BD000094820020434443203E
:10B67000436F6E6669670000024612200880014829
:10B68000704700006805002070B505460C462DB9CE
:10B690002246064906A000F0F0F904E022460349DC
:10B6A00003A000F0EAF9014870BD00009482002078
:10B6B00043444320496E746572666163650000000F
:10B6C0000246042008800148704700007C050020E5
:10B6D00070B505460C462246024903A000F0CDF99C
:10B6E000004870BD9482002053544D6963726F65A9
:10B6F0006C656374726F6E696373000070B50546A4
:10B700000C462DB92246064906A000F0B6F904E021
:10B710002246034903A000F0B0F9014870BD0000C3
:10B720009482002053544D333220566972747561EF
:10B730006C20436F6D506F727400000070B5054649
:10B740000C461A202080F7F74BFA014870BD000024
:10B750008005002070B504460D46E888012804D015
:10B7600029462046FFF723FF1EE094F89C0201289B
:10B7700004D0022803D0032810D109E000BF002024
:10B78000A060012204F108012046FFF73DFF0AE016
:10B790000122211D2046FFF737FF04E029462046FD
:10B7A000FFF705FF00BF00BF70BDF8B504460E46A9
:10B7B000002000900027002570880012082875D20C
:10B7C000DFE800F0C7040C20C7C7A5B5207CD4F87B
:10B7D000B4120A68694690470746C1E0207C40B928
:10B7E000D4F8B802816A6846884707460220787014
:10B7F00007E0D4F8B802C16A6846884707460220C5
:10B800007870ADE0B078062878D2DFE800F0031653
:10B81000293C5063D4F8B402406838B1207CD4F895
:10B82000B4124A6869469047074605E0314620460B
:10B83000FFF7BDFE681CC5B267E0D4F8B4028068AB
:10B8400038B1207CD4F8B4128A686946904707461C
:10B8500005E031462046FFF7AAFE681CC5B254E059
:10B86000D4F8B402C06838B1207CD4F8B412CA68E5
:10B8700069469047074605E031462046FFF797FEA8
:10B88000681CC5B241E0D4F8B402006938B1207C2C
:10B89000D4F8B4120A6969469047074605E0314674
:10B8A0002046FFF784FE681CC5B22EE051E0D4F8B4
:10B8B000B402406938B1207CD4F8B4124A696946B0
:10B8C0009047074605E031462046FFF770FE681CAA
:10B8D000C5B21AE0D4F8B402806940B1207CD4F833
:10B8E000B4128A6969469047074606E006E0314689
:10B8F0002046FFF75CFE681CC5B206E031462046D4
:10B90000FFF755FE681CC5B200BF00BF28E0207CD1
:10B9100030B9D4F8B802416B68468847074605E05D
:10B9200031462046FFF743FE681CC5B218E0207C74
:10B9300040B9D4F8B802016B68468847074607202B
:10B94000787005E031462046FFF731FE681CC5B22D
:10B9500006E031462046FFF72AFE681CC5B200BF4C
:10B9600000BF05B1F8BDF088C0B1BDF8000080B1DE
:10B97000F088BDF80010884202DDBDF8000000E04C
:10B98000F0880090BDF8002039462046FFF73CFEC5
:10B9900007E031462046FFF70AFE02E02046FFF7A7
:10B9A00044FE00BFDEE72DE9F84105460F462C4670
:10B9B0002E464FF0000870883178884218DD3078C4
:10B9C00000900FE06946204600F020F804466078B9
:10B9D000052807D1A04698F80200B84200D106E039
:10B9E0004FF000087088BDF800108842EADC00BF04
:10B9F0004046BDE8F881014600200A4602E0431CAB
:10BA0000D8B2521C1378002BF9D1704710B50246FA
:10BA100010460B88047823440B800378981810BDD7
:10BA200070B504460D4694F89C02012804D0022803
:10BA300003D003281AD101E000BF00BFE888022824
:10BA400004D029462046FFF7B2FD14E00120E06053
:10BA5000D4F8A40218B1E06840F00200E0600222CD
:10BA600004F10C012046FFF7CFFD04E029462046F3
:10BA7000FFF79DFD00BF00BF70BD2DE9F0410746F7
:10BA80000D46904600240FB9BDE8F0813E46304691
:10BA9000FFF7B1FF022101EB4000A8F8000098F881
:10BAA00000002855601CC4B203202855601CC4B295
:10BAB00008E030782855761C601CC4B20020285558
:10BAC000601CC4B230780028F3D100BFDCE7014627
:10BAD000002031B1012906D0022906D0032908D15E
:10BAE00005E0002007E0032005E0012003E003203B
:10BAF00001E0032000BF00BF70472DE9F04104467C
:10BB00000D46164614B90320BDE8F0810020C4F8A4
:10BB1000B802C4F8C402C4F8D0020DB1C4F8B452DB
:10BB2000012084F89C022670204600F04DF907465B
:10BB30003846E9E72DE9F04104460D460026002786
:10BB40002946D4F8C802F8F7CCF906463046FFF784
:10BB5000BEFF07463846BDE8F0812DE9F0410446B6
:10BB60000D46002600272946D4F8C802F8F784F9C4
:10BB700006463046FFF7ABFF07463846BDE8F08182
:10BB80002DE9F04704460F469146002F56D104F1A7
:10BB90001405D4F89402022846D1D5E9020188425E
:10BBA0000FD9D5E90201401AA86049462046AA6883
:10BBB000FFF7F1FC00231A461946204600F0B4F9BD
:10BBC00032E0D5E90210884217D1E96868688842F6
:10BBD00013D36868D4F8981288420ED20022114616
:10BBE0002046FFF7D8FC0020C4F8980200231A462C
:10BBF0001946204600F098F916E094F89C020328B4
:10BC00000BD1D4F8B802C06838B10020C4F8D4020F
:10BC1000D4F8B802C168204688478021204600F049
:10BC200042FA2046FFF7E3FC94F8A00250B3204606
:10BC300000F0BCFA002084F8A00223E047F0800165
:10BC40002046FFF796FC0646FF2E1BD0D6B994F887
:10BC50009C02032816D104F52E7050F82600406986
:10BC600080B1C4F8D46204F52E7050F8260039462D
:10BC70004269204690478046B8F1000F02D0404606
:10BC8000BDE8F0870020FBE72DE9F04705460F46A9
:10BC900090464FF00009002F51D105F5AA76D5F84E
:10BCA000940203286FD1D6E90201884210D9D6E95F
:10BCB0000201401AB060D6E90201884201D2B068A0
:10BCC00000E0F068024641462846FFF758FC5AE07B
:10BCD00095F8AA0200F01F0020B1012804D0022824
:10BCE00012D109E0002411E040F2AE20415D284667
:10BCF000FFF742FC044609E040F2AE20415D2846D1
:10BD0000FFF737FC044601E0002400BF00BF94B9F0
:10BD100095F89C0203280ED105F52E7050F82400EA
:10BD2000006940B1C5F8D44205F52E7050F82400E2
:10BD30000169284688472846FFF777FC23E007F08B
:10BD40007F012846FFF715FC0446FF2C1BD0D4B911
:10BD500095F89C02032810D105F52E7050F82400A8
:10BD6000806950B1C5F8D44205F52E7050F8240012
:10BD700039468269284690478146B9F1000F02D0C2
:10BD80004846BDE8F0870020FBE7014600207047E9
:10BD900070B504460025012084F89C02D4F8B8024E
:10BDA00038B12179D4F8B80242682046904700B1F2
:10BDB0000325284670BD70B504460D462946D4F8C3
:10BDC000C802F8F7CCF870BD10B5044620780028FA
:10BDD0002AD11648C0F80845C4F8C8024FF0A04060
:10BDE000124908600420486002211048C160002107
:10BDF0000161022181610021C16101624162C16270
:10BE00000163F8F712FD08B1F5F7AEFF802107488E
:10BE1000F7F7B7FF402200210448F7F7B7FF802269
:10BE200001210248F7F7B2FF002010BDDC9400208A
:10BE300010B50246D2F8C83201F08000802809D13E
:10BE400001F07F0000EBC00403F13C0000EB840034
:10BE5000807810BD01F07F0000EBC00403F51F7077
:10BE600000EB84008078F4E770B504460D4604F5D5
:10BE70002E70D4F8D41250F8210008B9032070BDF8
:10BE800094F89C02032811D104F52E70D4F8D41232
:10BE900050F82100006A48B104F52E70D4F8D4128D
:10BEA00050F821002946026A204690470020E6E724
:10BEB00070B504460D4604F52E70D4F8D41250F82F
:10BEC000210008B9032070BD94F89C02032811D109
:10BED00004F52E70D4F8D41250F82100406A48B10D
:10BEE00004F52E70D4F8D41250F821002946426A85
:10BEF000204690470020E6E72DE9F04704460F462C
:10BF000015461E464FF00008C1462B4632463946BC
:10BF1000D4F8C802F8F72EF880464046FFF7D7FD60
:10BF200081464846BDE8F0872DE9F04704460D46B6
:10BF300016461F464FF00008C1463B46324629468A
:10BF4000D4F8C802F8F75CF880464046FFF7BFFD1A
:10BF500081464846BDE8F08770B5044600250120BB
:10BF600084F89C020020C4F894026060C4F8A40223
:10BF700084F8A002D4F8B80258B1D4F8B8024068E6
:10BF800038B12179D4F8B80242682046904700B110
:10BF900003254023002211462046FFF7ADFF012173
:10BFA0004FF4B27001534021001F01514023002281
:10BFB00080212046FFF7A0FF0121A18440212162BA
:10BFC000284670BD014691F89C02042803D191F8DF
:10BFD0009D0281F89C020020704710B5044694F839
:10BFE0009C0203280BD1D4F8B80240B1D4F8B802AF
:10BFF000C06920B1D4F8B802C16920468847002042
:10C0000010BD02461174002070472DE9F04104462E
:10C010000D46002600272946D4F8C802F8F732FD5D
:10C0200006463046FFF753FD07463846BDE8F08127
:10C0300070B504460D46294604F2AA2000F077F8B0
:10C040000120C4F894024FF42C70005BC4F89802ED
:10C0500094F8AA0200F01F0020B1012809D002289C
:10C0600015D10DE004F2AA21204600F083F906461E
:10C0700016E004F2AA21204600F013FB06460FE06A
:10C0800004F2AA21204600F0CCF9064608E094F814
:10C09000AA0200F08001204600F005F8064600BF25
:10C0A00000BF304670BD2DE9F04104460D46002624
:10C0B00000272946D4F8C802F7F7CEFF06463046D7
:10C0C000FFF705FD07463846BDE8F08170B5044628
:10C0D00000250026D4F8C802F8F7F8FC05462846E3
:10C0E000FFF7F5FC0646304670BD014691F89C020C
:10C0F00081F89D02042081F89C02002070472DE900
:10C10000F04704460D4616461F464FF00008C1464C
:10C110003B4632462946D4F8C802F7F7E2FF80468C
:10C120004046FFF7D4FC81464846BDE8F08770B52D
:10C1300005460E46344620782870641C20786870C6
:10C14000641C2046FEF7AAF86880641C641C204624
:10C15000FEF7A4F8A880641C641C2046FEF79EF835
:10C16000E88070BD38B504460D46002000900DB93A
:10C17000032038BDC4F8B85204F52E70D4F8D41298
:10C1800050F82100C06A50B104F52E70D4F8D422C2
:10C1900050F82200C16A68468847C4F8D002D4F833
:10C1A000D802401CC4F8D8020020E2E70146002073
:10C1B000704770B504460D46A88810BBE88800BBE0
:10C1C000688880281DD2A87800F07F0694F89C0229
:10C1D000032804D129462046FFF7E9F915E084F841
:10C1E0009E6231462046FFF710FF2046FFF71DFAFA
:10C1F0001EB1022084F89C0207E0012084F89C0212
:10C2000003E029462046FFF7D2F970BD70B5044619
:10C210000D460026D4F8B80230B1D4F8B802294649
:10C220000268204690470646304670BD70B5044609
:10C230000E460025B0783D49087008460078012870
:10C2400005D931462046FFF7B2F9032070BD94F8B6
:10C250009C02022802D0032859D11FE033480078FD
:10C26000C0B1324800786060304801782046FFF75E
:10C27000CDFF05463DB131462046FFF798F9022033
:10C2800084F89C0209E02046FFF7CFF9032084F8E8
:10C290009C0202E02046FFF7C8F943E023480078FB
:10C2A00070B9022084F89C022048007860601F4822
:10C2B00001782046FFF730F92046FFF7B6F925E070
:10C2C0001A490978606888421DD021792046FFF715
:10C2D00023F9164800786060144801782046FFF77B
:10C2E00095FF05465DB131462046FFF760F921799B
:10C2F0002046FFF711F9022084F89C0206E0204650
:10C30000FFF793F902E02046FFF78FF90AE0314684
:10C310002046FFF74CF9054801782046FFF7FCF866
:10C32000032500BF00BF284690E70000B2050020AB
:10C3300070B505460C466088012805D1C5F8A402F1
:10C340002846FFF772F90EE06088022807D1A0881E
:10C35000001285F8A0022846FFF767F903E021469E
:10C360002846FFF724F970BD10B504462046FFF7B4
:10C37000ADFE10BD70B504460D460026287800F0CD
:10C38000600088B1202802D0402842D100E000BFE0
:10C3900004F52E70D4F8D41250F821002946826892
:10C3A00020469047064639E068780A282AD2DFE816
:10C3B00000F01A24291F290A0529150F29462046AD
:10C3C000FFF7F3F923E029462046FFF7F2FE1EE0CF
:10C3D00029462046FFF72AFF064618E02946204650
:10C3E000FFF7B8F913E029462046FFF719FB0EE0E6
:10C3F00029462046FFF79CFF09E029462046FFF723
:10C4000099F804E029462046FFF7D1F800BF00BFA5
:10C4100004E029462046FFF7CAF800BF00BF3046B7
:10C4200070BD2DE9F04705460F464FF000093C79F5
:10C43000387800F06000F8B1202802D040287DD183
:10C4400000E000BF21462846FFF793F80646FF2E7E
:10C4500011D086B9C5F8D46205F52E7050F82600C3
:10C46000806840B105F52E7050F826003946826884
:10C4700028469047814610E1787800287AD0012834
:10C480002FD003286ED195F89C02022802D00328F1
:10C4900020D110E054B1802C08D021462846FFF767
:10C4A00002FE80212846FFF7FEFD03E039462846BC
:10C4B000FFF77DF813E0788840B93CB1802C05D0B7
:10C4C000F88818B921462846FFF7EDFD2846FFF702
:10C4D000ACF804E039462846FFF769F800BF00BF12
:10C4E000D4E095F89C02022802D003283BD110E04A
:10C4F00054B1802C08D021462846FFF7D4FD802176
:10C500002846FFF7D0FD03E039462846FFF74FF8ED
:10C510002EE0788820BB04F07F0018B12146284621
:10C52000FFF708FB2846FFF780F821462846FFF76B
:10C5300020F80646FF2E13D096B900E0A8E0C5F813
:10C54000D46205F52E7050F82600806840B105F5DC
:10C550002E7050F82600394682682846904781465A
:10C5600006E007E08DE039462846FFF720F800BFD7
:10C5700000BF8BE095F89C02022802D0032879D1F5
:10C5800026E034B1802C04D039462846FFF70FF856
:10C5900075E004F08000802808D104F07F0000EBF3
:10C5A000800105F1140000EB810007E004F07F003A
:10C5B00000EB800105F5AA7000EB810080460020A9
:10C5C000C8F80000022241462846FFF71DF856E051
:10C5D00004F0800080280ED104F00F0000EB8001F1
:10C5E00005F1140000EB8100008A98B9394628460D
:10C5F000FEF7DDFF43E004F00F0000EB800105F5DE
:10C60000AA7000EB8100008A20B939462846FEF75F
:10C61000CEFF34E004F08000802808D104F07F00D1
:10C6200000EB800105F1140000EB810007E004F04D
:10C630007F0000EB800105F5AA7000EB81008046C9
:10C640000CB1802C03D10020C8F800000CE021467A
:10C650002846FFF7EDFB20B10120C8F8000003E0F9
:10C6600008E00020C8F80000022241462846FEF7F4
:10C67000CBFF04E039462846FEF799FF00BF00BF14
:10C6800004E039462846FEF792FF00BF00BF04E0F1
:10C6900039462846FEF78BFF00BF00BF4846BDE87D
:10C6A000F0872DE9F04105460E460027307800F06E
:10C6B000600030B1202802D0402840D100E000BF07
:10C6C00000BF95F89C02012804D0022803D003285B
:10C6D0002ED101E000BF00BF3079012823D8317985
:10C6E0002846FEF749FF0446FF2C14D09CB905F5F7
:10C6F0002E7050F82400806858B1C5F8D44205F572
:10C700002E7050F82400314682682846904707462C
:10C7100002E0032700E00327F08840B93FB928462C
:10C72000FEF783FF03E031462846FEF740FF04E0B2
:10C7300031462846FEF73BFF00BF00BF04E031460C
:10C740002846FEF734FF00BF00BF3846BDE8F08141
:10C75000704700000146014870470000E89900203A
:10C7600070B504460B4622461978587801282CD11A
:10C7700040F61C0080581D7805F00F060125B540D5
:10C78000ADB2284340F61C05A85002F5106000EB3E
:10C790004110006800F40040F0BB9889C0F30A0023
:10C7A0001D7940EA854040EA815040F0805040F4D5
:10C7B000004002F5106505EB41152D68284302F590
:10C7C000106505EB411528602DE040F61C008058EF
:10C7D0001D7805F00F060125B540144E06EA054503
:10C7E000284340F61C05A85002F5306000EB4110CC
:10C7F000006800F4004078B99889C0F30A001D79F8
:10C8000040EA854040F0805040F4004002F5306539
:10C8100005EB41152D6800E005E0284302F5306581
:10C8200005EB41152860002070BD00000000FFFFEF
:10C8300001460A464FF410608058C30ADB024FF4E9
:10C840001060835040F60400805840F4807340F636
:10C8500004008350002070470FB470B504460A9856
:10C86000012817D1A06B20F48030A063E0681A493A
:10C870000840E060E06820F44010E0601198012872
:10C8800003D1E06840F48010E060204600F026F814
:10C89000054612E0E06840F04000E060204600F00D
:10C8A0001DF805460E9820B9A06B40F48030A063B7
:10C8B00003E0A06B20F48030A0630898012807D122
:10C8C000A06840F00600A060A06840F02000A060D2
:10C8D000284670BC5DF814FBBFFFBDFF08B50146DC
:10C8E0000020009000BF0098401C0090104A009863
:10C8F000904201D9032008BD086900F000400028DB
:10C90000F1D000200090086940F00100086100BFEC
:10C910000098401C0090064A0098904201D90320DC
:10C92000E9E7086900F001000028F1D100BFE2E763
:10C93000400D030070B504460B462246197858781E
:10C94000012848D102F5106000EB4110006800F0AA
:10C950000040B0F1004F17D102F5106000EB41101C
:10C96000006840F0006502F5106000EB41100560C2
:10C9700002F5106000EB4110006840F0804502F5C0
:10C98000106000EB4110056040F63C0080581D78B7
:10C9900005F00F060125B540ADB2A84340F63C05B1
:10C9A000A85040F61C0080581D7805F00F060125A0
:10C9B000B540ADB2A84340F61C05A85002F5106082
:10C9C00000EB411000682B4D284002F5106505EB87
:10C9D000411528604BE002F5306000EB4110006823
:10C9E00000F00040B0F1004F17D102F5306000EBCD
:10C9F0004110006840F0006502F5306000EB411026
:10CA0000056002F5306000EB4110006840F08045A1
:10CA100002F5306000EB4110056040F63C008058A4
:10CA20001D7805F00F060125B540134E06EA0545B1
:10CA3000A84340F63C05A85040F61C0085581878DD
:10CA400000F00F060120B0400B4E06EA004085437F
:10CA500040F61C00855002F5306000EB4110006884
:10CA6000064D284002F5306505EB41152860002091
:10CA700070BD0000007833EC0000FFFF0078F3EF9A
:10CA800001460A46D2F8000E20F00300C2F8000E5C
:10CA900040F60400805820F0020340F60400835062
:10CAA0000020704701460A46D2F8000E20F003002D
:10CAB000C2F8000E40F60400805840F0020340F631
:10CAC00004008350002070470FB4F0B505460027DE
:10CAD0002E46002405E0002105F5827040F8241060
:10CAE000641C0F2CF7D31098A0B940F604008059AD
:10CAF00040F0020140F604008151A86B40F40010A0
:10CB0000A863A86B20F40020A863A86B20F4802001
:10CB1000A86307E0A86B20F40010A863A86B40F49A
:10CB20000020A8630020C6F8000ED6F80008C6F85A
:10CB300000080B9801280BD1089820B9002128463D
:10CB400000F0BCFD08E00121284600F0B7FD03E03D
:10CB50000321284600F0B2FD1021284600F0B2FC67
:10CB600000B10127284600F083FC00B10127002115
:10CB70004FF401608151001D815140F61C0081512C
:10CB800000242EE006F5106000EB4410006800F071
:10CB90000040B0F1004F10D13CB94FF0006106F5F4
:10CBA000106000EB441001600DE04FF0904106F57D
:10CBB000106000EB4410016005E0002106F51060F4
:10CBC00000EB44100160002106F5106000EB4410FA
:10CBD00001614FF67F3106F5106000EB4410816073
:10CBE000641C0698A042CDD800242EE006F53060E3
:10CBF00000EB4410006800F00040B0F1004F10D18D
:10CC00003CB94FF0006106F5306000EB4410016064
:10CC10000DE04FF0904106F5306000EB44100160EC
:10CC200005E0002106F5306000EB441001600021B2
:10CC300006F5306000EB441001614FF67F3106F5D8
:10CC4000306000EB44108160641C0698A042CDD88F
:10CC50004FF40160805920F480714FF401608151DC
:10CC60000020A8616FF080406861099818B9A86930
:10CC700040F01000A861A86909490843A8610C9810
:10CC800018B1A86940F00800A8611098012803D1E4
:10CC9000A86904490843A8613846F0BC5DF814FB54
:10CCA00000383C80040000400146886820F0010004
:10CCB0008860002070470000F0B505460B4614461A
:10CCC0002A4619785878012875D1986920BB02F551
:10CCD000106000EB411000696D4E304002F51066A7
:10CCE00006EB4116306102F5106000EB411000695F
:10CCF00040F4002602F5106000EB4110066102F5D9
:10CD0000106000EB41100069C60CF60402F51060DB
:10CD100000EB4110066137E002F5106000EB4110B6
:10CD20000069C60CF60402F5106000EB41100661C4
:10CD300002F5106000EB41100069554E304002F5DD
:10CD4000106606EB41163061DE689869B04201D981
:10CD5000D868986102F5106000EB4110006940F45A
:10CD6000002602F5106000EB4110066102F510602C
:10CD700000EB411000699E69C6F31206304302F5CC
:10CD8000106606EB41163061012C15D1586928B1A7
:10CD900002F5106000EB41105E69466102F510601B
:10CDA00000EB4110006840F0044602F5106000EB13
:10CDB000411006606AE01BE002F5106000EB4110D4
:10CDC000006840F0044602F5106000EB4110066078
:10CDD000986900285AD040F6340080581E7806F032
:10CDE0000F070126BE40304340F63406B0504DE0F8
:10CDF00002F5306000EB41100069C60CF60402F544
:10CE0000306000EB4110066102F5306000EB41102C
:10CE100000691F4E304002F5306606EB4116306166
:10CE2000986908B1D8689861D868D86102F530600F
:10CE300000EB4110006940F4002602F5306000EB81
:10CE40004110066102F5306000EB41100069DE69B7
:10CE5000C6F31206304302F5306606EB4116306128
:10CE6000012C07D1186928B102F5306000EB4110A0
:10CE70001E69466102F5306000EB4110006840F029
:10CE8000044602F5306000EB411006600020F0BD62
:10CE9000FFFF07E070B503460C4619461D6C1848A5
:10CEA000854209D94FF43060405800F00040B0F19D
:10CEB000004F01D1002070BD0026C1F8106BD1F8E1
:10CEC000100B40F40026C1F8106BD1F8100B40F0A5
:10CED0001806C1F8106BD1F8100B40F0C046C1F82D
:10CEE000106B012C09D1C1F8142B4FF4306040585D
:10CEF00040F080264FF4306046500020DBE7000011
:10CF00000A30544F30B504460B46224619785878FB
:10CF100001281ED102F5106000EB4110006820F4DA
:10CF2000001502F5106000EB411005601879032828
:10CF300002D0187902282AD102F5106000EB4110C6
:10CF4000006840F0805502F5106000EB411005606C
:10CF50001DE002F5306000EB4110006820F4001580
:10CF600002F5306000EB411005601879032802D00B
:10CF7000187902280BD102F5306000EB41100068EF
:10CF800040F0805502F5306000EB41100560002054
:10CF900030BD30B504460B46224619785878012832
:10CFA00021D102F5106000EB4110006800F0004054
:10CFB00060B959B102F5106000EB4110006820F033
:10CFC000804502F5106000EB4110056002F510602D
:10CFD00000EB4110006840F4001502F5106000EB12
:10CFE0004110056020E002F5306000EB4110006860
:10CFF00000F0004060B959B102F5306000EB41101B
:10D00000006820F0804502F5306000EB41100560BB
:10D0100002F5306000EB4110006840F4001502F5A5
:10D02000306000EB41100560002030BD2DE9F84371
:10D0300081460E4617464D463478707801287DD1DA
:10D04000B06920BB05F5106000EB44100069C849C9
:10D05000084005F5106101EB4411086105F5106009
:10D0600000EB4410006940F4002105F5106000EB6E
:10D070004410016105F5106000EB44100069C10C1B
:10D08000C90405F5106000EB4410016155E005F599
:10D09000106000EB44100069C10CC90405F5106074
:10D0A00000EB4410016105F5106000EB44100069CD
:10D0B000AF49084005F5106101EB44110861F168C2
:10D0C000B0690844401EB0FBF1F0A949C94301EA28
:10D0D000C04005F5106101EB44110969084305F5ED
:10D0E000106101EB4411086105F5106000EB44107C
:10D0F0000069B169C1F31201084305F5106101EB44
:10D10000441108613079012817D105F5106000EB52
:10D110004410006920F0C04105F5106000EB441098
:10D12000016105F5106000EB4410006940F000510A
:10D1300005F5106000EB4410016100E07FE0012F75
:10D1400036D1706928B105F5106000EB44107169A3
:10D150004161307901281ED140F60800405900F4A1
:10D16000807060B905F5106000EB4410006840F075
:10D17000005105F5106000EB441001600BE005F56F
:10D18000106000EB4410006840F0805105F510601D
:10D1900000EB4410016005F5106000EB44100068DE
:10D1A00040F0044105F5106000EB44100160DCE044
:10D1B00005F5106000EB4410006840F0044105F5EF
:10D1C000106000EB44100160307901280FD0B06985
:10D1D0000028ECD040F634004059317801F00F02BD
:10D1E00001219140084340F634014851BDE040F62A
:10D1F0000800405900F4807060B905F5106000EB3C
:10D200004410006840F0005105F5106000EB441038
:10D2100001600BE005F5106000EB4410006840F081
:10D22000805105F5106000EB441001600097308BD1
:10D2300083B232784846316900F0E0FA95E005F5AE
:10D24000306000EB44100069C10CC90405F5306082
:10D2500000EB4410016105F5306000EB44100069FB
:10D260004349084005F5306101EB44110861B0699C
:10D27000D0B905F5306000EB44100069F168C1F3E6
:10D280001201084305F5306101EB4411086105F511
:10D29000306000EB4410006940F4002105F5306077
:10D2A00000EB4410016128E0F168B0690844401EB9
:10D2B000B0FBF1F01FFA80F8F06800FB08F0F061B5
:10D2C00005F5306000EB441000692949C94301EAC3
:10D2D000C841084305F5306101EB4411086105F5CB
:10D2E000306000EB44100069F169C1F3120108439A
:10D2F00005F5306101EB44110861012F07D1306958
:10D3000028B105F5306000EB441031694161307996
:10D3100001281ED140F60800405900F4807060B921
:10D3200005F5306000EB4410006840F0005105F551
:10D33000306000EB441001600BE005F5306000EB5D
:10D340004410006840F0805105F5306000EB441057
:10D35000016005F5306000EB4410006840F00441C6
:10D3600005F5306000EB441001600020BDE8F88353
:10D37000FFFF07E078B503460024009400201A461A
:10D380004C78012C35D10C7802F5106505EB44146E
:10D39000246804F00044B4F1004F60D10C7805EB30
:10D3A0004414246844F000660C7805EB44142660AD
:10D3B0000C7805EB4414246844F080460C7805EBA7
:10D3C0004414266000BF009C641C009442F2107557
:10D3D000009CAC4201D901200AE00C7802F51065EE
:10D3E00005EB4414246804F00044B4F1004FEAD083
:10D3F00035E00C7802F5306505EB4414246804F040
:10D400000044B4F1004F2AD10C7805EB4414246891
:10D4100044F000660C7805EB441426600C7805EBAC
:10D420004414246844F080460C7805EB44142660CC
:10D4300000BF009C641C009442F21075009CAC423A
:10D4400001D901200AE00C7802F5306505EB44149F
:10D45000246804F00044B4F1004FEAD000BF78BD66
:10D460000146886840F00100886000207047000095
:10D4700008B501460020009000BF0098401C0090B5
:10D480000F4A0098904201D9032008BD086900F0B6
:10D4900000400028F1D0002000901020086100BF5B
:10D4A0000098401C0090064A0098904201D9032041
:10D4B000EBE7086900F010001028F1D00020E4E745
:10D4C000400D030008B502460020009000BF009800
:10D4D000401C0090104B0098984201D9032008BDD1
:10D4E000106900F000400028F1D0002000902020BA
:10D4F00040EA8110106100BF0098401C0090064B6C
:10D500000098984201D90320E9E7106900F0200053
:10D510002028F1D00020E2E7400D030010B50146BD
:10D520000B4640F60804E45804F006020AB900204D
:10D5300006E0022A01D0062A01D1022000E00F20D5
:10D5400010BD0146486900F00100704701460B46D6
:10D5500040F61800C258001DC058024090B27047F3
:10D5600001460B4640F61800C258001DC058024044
:10D57000100C704770B5024613464FF40166F4581C
:10D5800040F63406F55801F00F0625FA06F606F0C7
:10D59000010644EAC61403F5106606EB4116B668A8
:10D5A00006EA040070BD10B50246134603F5306468
:10D5B00004EB4114A06840F61404E458204010BD68
:10D5C000014648698A69104070472DE9F0410446D8
:10D5D0000D46274628464FEA920C02F0030300212D
:10D5E0000AE04FF4805858F80780C0F80080401CCB
:10D5F000401C401C401C491C6145F2D39BB10021DA
:10D600004FF4805858F8076000BF4FEAC10826FA67
:10D6100008F880F80080491C401CA3F101081FFA9B
:10D6200088F3002BF1D1BDE8F08170B504460E46B9
:10D630000025E06820F0C040E060012E10D1E068D5
:10D6400040F00050E06000BF0120F6F77DF96D1C4E
:10D650002046FFF776FF012815D0322DF4D312E0D3
:10D660007EB9E06840F08040E06000BF0120F6F73E
:10D670006BF96D1C2046FFF764FF20B1322DF5D306
:10D6800001E0012070BD322D01D10120FAE7002018
:10D69000F8E710B502460B461146D1F8000820F411
:10D6A000FE60C1F80008D1F800084FF4FE6404EAF7
:10D6B00003142043C1F80008002010BD02461346A1
:10D6C000D3F800080843C3F80008002070470000A2
:10D6D00030B503461446022C49D12D48814204D36B
:10D6E0002C48814201D20F2245E02A48814204D3CE
:10D6F0002948814201D20E223DE02748814204D3CD
:10D700002648814201D20D2235E02448814204D3CB
:10D710002348814201D20C222DE02148814204D3CA
:10D720002048814201D20B2225E01E48814204D3C9
:10D730001D48814201D20A221DE01B48814204D3C8
:10D740001A48814201D2092215E01848814204D3C7
:10D750001748814201D208220DE01548814204D3C6
:10D760001448814201D2072205E0062203E00CB9E9
:10D77000092200E00922D86820F47050D860D868E7
:10D780004FF4705505EA82252843D860002030BD4B
:10D79000C0ACD800C0E1E4000024F40080730601AE
:10D7A000A0491A01002D310140A44C0100366E0140
:10D7B00020ABA6010048E80110B55A200C490870BA
:10D7C0000C48007AC1F801004FF6FF7088821622DB
:10D7D0000948F2F773FE16210748F3F786FB162176
:10D7E0000548F3F7EFFF00200149887410BD0000E1
:10D7F0001472002054770020949400202DE9F04307
:10D8000004460D461E46DDF81CC0A0462946BCF164
:10D81000000F12D1F01C870800230CE0D1F8009013
:10D8200008F5805000EB0230C0F80090491C491CFC
:10D83000491C491C5B1CBB42F0D30020BDE8F083AF
:10D8400091ED090AB1EE400A9FED091AC0EE010AF6
:10D850009FED080A20EE800A10EE102AC0F815226B
:10D860000A69C0F80B204A69C0F80F207047000011
:10D8700000003443DB0F494070B504460E461546A0
:10D880001F48F4F755F91F4880ED000A1E4920464D
:10D89000FDF756F86078062822D2DFE800F003078B
:10D8A0000F13181C204603F05DF81AE0154890EDA0
:10D8B000000A3146204602F01DFE12E0204602F02A
:10D8C000D3FE0EE02946204602F0A8FE09E02046DD
:10D8D00002F02AFF05E02946204602F0E3FF00E0BF
:10D8E00000BF00BF2046FCF743F96078032805D04D
:10D8F0006078012802D02046F4F73AFA70BD0000A3
:10D900000C010020540100202A72002000BFFEE715
:10D9100070B505460C4600260DB1022C01D800203A
:10D9200070BDA11E4FF6FF722846F5F73FF9064677
:10D93000F1B2A01E285C814206D1601E285CB0EBCB
:10D94000162F01D10120EBE70020E9E703B401988D
:10D950004100009850EAC12018BF04204A0D18BFAA
:10D9600040F0010040F2FF72B2EB515F08BF40F09F
:10D970000200012808BF052002B0704741000802DC
:10D9800018BF04200A0E18BF40F001004FF07F427C
:10D9900032EA010108BF40F00200012808BF05205B
:10D9A0007047000002480068C0F302207047000082
:10D9B0000CED00E010B5002804DB0A07130E054A41
:10D9C000135406E00A07140E034A00F00F031B1F4E
:10D9D000D45410BD00E400E018ED00E010B510EEE6
:10D9E000104A4FF01A402DED028B00EB4400B0F1CD
:10D9F000C85F4AD84FF0FC40B0EB440F22D2B0EEE3
:10DA0000C00AF7EE000A30EEC00AF6EE000A20EE79
:10DA1000208A18EE100A03F066FF00EE100A14F0D8
:10DA2000004F1DBF9FED281ADFED280AB1EE400A16
:10DA30009FED271A08BFF0EE410AF8EE001A20EE1B
:10DA4000210A05E020EE008A9FED221ADFED220A6E
:10DA5000DFED221A9FED222A70EEC00A20EE080A9E
:10DA600008EE212ADFED1F1A48EE021A9FED1E2A4A
:10DA700008EE212ADFED1D1A48EE021ABDEC028BDA
:10DA800040EE610A30EE810A10BD4FF0CC40B0EBA1
:10DA9000440F82BF9FED160ABDEC028B10BD4FF004
:10DAA0007F40B0EB440F05D2BDEC028BBDE81040C7
:10DAB00001F01EBD0120F2F74BFEBDEC028BBDE86C
:10DAC000104001F01BBD00000000494022AA7D3A31
:10DAD000000000000000C93F22AAFD3924FE1C3DC1
:10DAE000C78AD83C1E67383D1B93993DAFAA2A3E92
:10DAF000DB0FC93F10B54FF00E402DED028BB0EE9D
:10DB0000408A18EE104A00EB4400B0F1506F4AD83A
:10DB10004FF0FC40B0EB440F22D2B0EEC80AF7EE53
:10DB2000000A30EEC00AF6EE000A60EE208A18EE17
:10DB3000900A03F0D8FE01EE100A14F0004F1DBF4A
:10DB4000DFED2D0A9FED2D0AB1EE411ADFED2C0A13
:10DB500008BF9FED2C0AF8EE001A21EE218A05E09D
:10DB6000DFED290A68EE088AB0EE600A9FED271AF9
:10DB7000DFED271A30EE080A48EE811A9FED251ACC
:10DB800008EEA11ADFED241A48EE811A9FED231A40
:10DB900008EEA11A68EE281ABDEC028B01EE810A8C
:10DBA00030EE200A10BD4FF0E440B0EB440F0CD92A
:10DBB00018EE100AFFF7E2FE042808BF01F0A6FCE9
:10DBC000B0EE480ABDEC028B10BD4FF07F40B0EBC9
:10DBD000440F07D2B0EE480ABDEC028BBDE81040FE
:10DBE00001F086BC0120F2F7B3FDBDEC028BBDE86D
:10DBF000104001F083BC00000000C9BF22AAFDB99B
:10DC00000000C93F22AAFD390000000024FE1C3D8F
:10DC1000C78AD83C1E67383D1B93993DAFAA2A3E60
:10DC200010EE100A10B510EE901A4FF0684202EB99
:10DC300040032DED028BB3F1654F3CBF02EB410277
:10DC4000B2F1654F7CD200BFC0F3C753C1F3C752D6
:10DC50009A1A1B2A09DD10F0004F14BF9FED6E0ABF
:10DC60009FED6E0ABDEC028B10BD12F11A0F1BDA8C
:10DC700011F0004F09D010F0004F0CBF9FED680A63
:10DC80009FED680ABDEC028B10BD80EE208A18EE75
:10DC9000100AFFF773FE042808BF01F037FCB0EE4E
:10DCA000480ABDEC028B10BD4200B2EB410F37D9E0
:10DCB00010F0004F19BFDFED5C1A9FED5C1ADFED2D
:10DCC0005C1A9FED5C1AB0EE602A0A46F1EE400A3B
:10DCD00080F00041B0EE420A10460A1A5200B2F13A
:10DCE000807F34D2484010F0004FDFED532A9FED83
:10DCF000533A1DBFBEEE002A71EEE21A31EE431A0E
:10DD0000B6EE002A04BF71EEA21A31EE031AF0EE4D
:10DD1000402A42EE602A40EE020A82EEA02A18E073
:10DD200011F0004F04BF9FED461AF0EE411AD4D017
:10DD300010F0004F1CBFDFED431A9FED431A00E0C7
:10DD400026E004BFDFED411A9FED411AC5E780EEE2
:10DD5000202A22EE020ADFED3F0ADFED3F2ABDEC6A
:10DD6000028B40EE202ADFED3D0A40EE220ADFED75
:10DD70003C2A40EE202ADFED3B0A40EE220A22EE4A
:10DD8000000A00EE201A31EE020A30EE210A10BD20
:10DD90004FF07F42B2EB400F28BFB2EB410F05D2EC
:10DDA000BDEC028BBDE8104001F0A5BB40EA0103C9
:10DDB0005B0008BF41F0FF410BD0B2EB400F08BF42
:10DDC000B2EB410F08D120F0804000EE100A21F0A4
:10DDD000804100EE901A37E7B2EB400F12BF5FEAC6
:10DDE000410240F0FF4001F000413FF42DAF4A00F6
:10DDF00092EA40033FF528AF002AACBF9FED1A1A04
:10DE00009FED1A1A20EE010A60EE810A10EE100A48
:10DE100010EE901A18E70000DB0FC9BFDB0FC93FF7
:10DE2000DB0F4940DB0F49C00000C9BF22AAFDB982
:10DE30000000C93F22AAFD390060ED3EC30ACE377B
:10DE400000000000000049C022AA7DBA000049403D
:10DE500022AA7D3A2DAD65BD8FB8D53D0FB511BE57
:10DE600061C84C3EA8AAAABE0000804F0000802FC7
:10DE700010B52F499FED2C1B2DED020B84B005989A
:10DE800020F000408842D8BF9DED040B2DDD2949CC
:10DE9000884209D1049840B94FF00100F2F758FCCC
:10DEA00001F0F6FA06B010BD05DB9DED040B01F0A4
:10DEB000DBFA06B010BD68469DED040B00F0D4FE01
:10DEC00010F0030004BF9DED021B9DED000B0CD074
:10DED00001280ED09DED021B9DED000B022817D0EE
:10DEE000012001F011FA06B010BD01F0D9F806B01A
:10DEF00010BD9DED021B9DED000B012001F004FA09
:10DF000051EC100B04F0A8FE06B041EC100B10BD54
:10DF100001F0C6F851EC100B04F09EFE06B041EC87
:10DF2000100B10BD00000000000000000000000009
:10DF3000FB21E93F0000F07F2DED020B019820F05E
:10DF4000004001909DED000B02B070470000000002
:10DF50002DE9F04D2DED040B2DED0E8B96B0DDE986
:10DF60002550279CDDF890A025F0004624F00048BD
:10DF7000BAF1000F14BF0121002101EB4502FC4959
:10DF800053184A1093422AD3002814BF01230023B8
:10DF900003EB44030B44F7498B4220D358EA0001BA
:10DFA0009FEDF59B76D0DFF8D8B35D4503D1BAF18C
:10DFB000000F05D188E0BAF1000F08BF002100D0A2
:10DFC000012101EB450111F5001F08D8002814BFFD
:10DFD0000121002101EB440111F5001F0BD99DED3A
:10DFE000261B9DED240B16B0BDEC0E8B04B0BDE8D6
:10DFF000F04D01F043BA0027002DBCBFE149884530
:10E0000021DAE1498845A8BF02271CDAC3451ADC9A
:10E01000DE4901EB2851142908DDC1F1340220FA50
:10E0200002F101FA02F282420DD108E058B9C1F1C1
:10E03000140228FA02F101FA02F2424503D101F07A
:10E040000101C1F1020756EA0A0124D1002C22DAAB
:10E05000002D18BF022F01D0012F0AD00220F2F7A5
:10E0600077FB16B0BDEC0E8B04B0BDE8F04D01F0AF
:10E07000E3B90220F2F76CFB01F0DEF951EC100B72
:10E0800004F0EAFD41EC100B16B0BDEC0E8B04B0B1
:10E09000BDE8F08D18E09FEDBEAB9FEDBF8B002873
:10E0A00071D1B848804522D105F1804010F580102B
:10E0B00008BFBAF1000F07D0B3450ADC002CA8BF97
:10E0C0009DED260BE0DA0DE0B0EE490AF0EE690AAC
:10E0D000DAE7002C06DA9DED260B51EC100B04F06C
:10E0E000BBFD6FE0AE48784490ED000BCCE7D8451F
:10E0F0004DD1002C48DA2EB186423AD1BAF1000F48
:10E1000042D126E0BAF1000F13D00220F2F720FB33
:10E1100001F0CEF98DED020B9DED240B8DED000B82
:10E1200010EE900A039961F31E0003909DED020B1F
:10E13000AAE78DED02AB9DED240B1AEE901A10EEBE
:10E14000900A8DED000B61F31E0003909DED020B14
:10E150009AE78DED028B9DED240B18EE901A10EED0
:10E16000900A8DED000B61F31E0003909DED020BF4
:10E170008AE709DA9DED240B51EC190B53EC102BB7
:10E1800004F064FE1EE020E09DED240B7CE7864257
:10E190001BDAB4F1804F0DD0A4F10050B0F1FF5064
:10E1A00013D1002D11DB9DED240B51EC100B03F06E
:10E1B00063FB07E09DED240B53EC102B51EC100B8F
:10E1C00000F0C2BC41EC100B5EE79DED240B51EC5E
:10E1D000100B02F0FCF8BAF1000FCDE90E0142D1AC
:10E1E0009FED710B46B3A6F1E040B0F17F600CD01B
:10E1F0005E4538D1002D00DAA7B3022F0CBF0120F5
:10E200004FF0FF3004F0A9FFDCE7002D01DD002C0A
:10E210000DDA002D01DD002C1FDB002D16DA002C9D
:10E2200014DB012F08BF9FED620B3FF42DAFB0EE62
:10E230004A0AF0EE6A0A27E7022F18BF002D0CD019
:10E24000012F0AD1002DFFF61FAF06E0002DB8BF49
:10E25000002C08DA012F3FF417AFB0EE480AF0EEB9
:10E26000680A11E71BE0012000EBE57050EA0701A6
:10E2700015D0791EB0EE498AF0EE698A084308BFCE
:10E280009FED4D8B4E480025804570DD4D494E4831
:10E29000884514DDB0420DDB002C19DB2FE0012096
:10E2A000F2F756FA16B0BDEC0E8B04B0BDE8F04D97
:10E2B00001F0EEB8B34502DC002C09DC1FE0864219
:10E2C00002DA002C1BDA03E05E452BDD002C16DDA4
:10E2D0000220F2F73DFA01F0EBF88DED020B53EC62
:10E2E0001A2B51EC180B04F09FFFCDE900010399A4
:10E2F000019861F31E0003909DED020BC4E602201D
:10E30000F2F726FA01F0E4F810EE901A18EE900AEF
:10E310008DED020B8DED008B61F31E0003909DEDE2
:10E32000020BB1E69DED0E0B53EC192B51EC100BCB
:10E3300005F086F99FED260BCDE9080153EC102B73
:10E340009DED080B51EC100B04F06EFF9FED221BAE
:10E3500053EC112B05F09CF89DED081B53EC112B91
:10E3600004F062FF9FED1E1B53EC112B3CE08CE090
:10E37000FFFF1F00FFFF0F00000000000000F03F44
:10E380000000F03F0000F07F0000404301FCFFFF71
:10E39000000000000000F07F00000000000000000E
:10E3A0000E6000000000000000000000000000807F
:10E3B000000000000000F0FF000000000000F0BFBF
:10E3C0000000E0410000F043FFFFEF3F00000000CD
:10E3D000000000000000D03F555555555555D53F1C
:10E3E000000000000000E03F05F052F89DED080B32
:10E3F00041EC1A0B53EC102B51EC100B04F014FFF2
:10E4000053EC1A2B04F010FF41EC1A0B9FEDFE0B9E
:10E4100053EC102B9DED080B51EC100B04F004FF96
:10E4200041EC1B0B9FEDFA0B51EC1A0B53EC102B2C
:10E4300004F0FAFE41EC1A0B9FEDF70B53EC102B96
:10E440009DED080B51EC100B04F0EEFE53EC1A2B73
:10E4500005F0F6F841EC1A0B51EC1B0B53EC1A2BA0
:10E4600004F038FC0690CDE906519DED060B53EC07
:10E470001B2B51EC100B05F0E3F853EC1A2B05F0B5
:10E4800007F841EC100B00F0A1B90020B6F5801F91
:10E490000EDA9FEDE30B53EC102B9DED0E0B51ECC0
:10E4A000100B04F0C1FECDE90E016FF034000E46F2
:10E4B00000EB2650A0F2FF37C6F31300DA4940F014
:10E4C0007F6646F040568842D8BF002408DDD74911
:10E4D0008142C8BF012403DC0024A6F580167F1CFE
:10E4E000D348784400EBC4000F9690ED00CB9DED2F
:10E4F0000E0B53EC1C2B51EC100B05F0A1F89DED0D
:10E500000E0B41EC1B0B53EC1C2B51EC100B04F0CD
:10E51000E1FB41EC100B51EC190B53EC102B04F008
:10E5200095FC41EC1D0B51EC1B0B53EC1D2B04F027
:10E530007BFE41EC1A0BBF488DED10AB7844109573
:10E5400090ED000B4FF0005040EA660000EB844075
:10E550008DED080B00F5002009909DED080B53ECA4
:10E560001C2B51EC100B05F06BF89DED0E1B53ECC2
:10E57000112B04F08DFF41EC100B53EC102B9DED93
:10E58000100B51EC100B04F04FFE9DED080B41EC0D
:10E590001C0B53EC102B9DED100B51EC100B04F0E9
:10E5A00043FE53EC1B2B04F073FF53EC1C2B05F0C4
:10E5B00047F853EC1D2B04F037FE41EC1C0B53ECD9
:10E5C0001A2B51EC1A0B04F02FFE41EC1B0B9A484E
:10E5D0000621B0EE4B0AF0EE6B0A784400F018FE0C
:10E5E000B0EE401AF0EE601AB0EE41DAF0EE61DA09
:10E5F00053EC1B2B51EC1B0B04F016FE53EC1D2BA4
:10E6000004F012FE9DED100B41EC1B0B53EC1A2B8A
:10E6100051EC100B04F05EFB53EC1C2B04F004FED9
:10E6200053EC1B2B04F056FB9DED100B41EC1B0B28
:10E6300053EC102B51EC100B04F0F6FD41EC1D0BCC
:10E640009FED7FEB53EC1E2B04F044FB53EC1B2B94
:10E6500004F040FB0890CDE908519DED080B53EC08
:10E660001E2B51EC100B04F0EBFF53EC1D2B04F0B0
:10E67000E7FF53EC1B2B04F00BFF9DED080B41EC67
:10E680001D0B53EC102B9DED100B51EC100B04F0F7
:10E69000CBFD41EC1B0B53EC1A2B51EC1D0B04F082
:10E6A000C3FD9DED080B41EC1A0B53EC102B51EC04
:10E6B0001C0B04F0B9FD53EC1A2B04F00BFB41ECDE
:10E6C0001A0B51EC1B0B53EC1A2B04F003FB0C90B0
:10E6D000CDE90C519DED0C0B53EC1B2B51EC100BA9
:10E6E00004F0AEFF53EC1A2B04F0D2FE41EC1B0BEE
:10E6F0009FED550B53EC102B9DED0C0B51EC100BBB
:10E7000004F092FD41EC1A0B9FED510B51EC1B0BE9
:10E7100053EC102B04F088FD41EC1B0B9FED4E0BCE
:10E7200053EC102B9DED0C0B51EC100B04F07CFD09
:10E7300053EC1B2B04F0CEFA41EC100B4848784404
:10E7400000EBC40090ED001B51EC100B53EC112BAF
:10E7500004F0C0FA41EC1B0B384604F0FEFCCDE996
:10E76000080153EC1B2B51EC1A0B04F0B3FA41ECEB
:10E77000100B3C48784400EBC40090ED00CB51EC0A
:10E78000100B53EC1C2B04F0A5FA9DED081B53EC69
:10E79000112B04F09FFA0690CDE906519DED080B70
:10E7A00053EC102B9DED060B51EC100B04F048FFC1
:10E7B00053EC1C2B04F044FF53EC1A2B04F040FFE5
:10E7C00053EC1B2B04F064FE41EC100B9DED261B5B
:10E7D00053EC102B8DED001B00959DED260B51EC9D
:10E7E000100B04F021FD9DED000B41EC1A0B53ECD6
:10E7F000102B9DED260B51EC100B04F021FF9DED2D
:10E80000061B53EC112B2FE0000000604715F73F6B
:10E81000FE822B654715F73F44DF5DF80BAE543E93
:10E8200000000000000040438E9803007AB60B0001
:10E830005A5B0000B85B0000925A00000000000024
:10E840000000000000000840000000E009C7EE3FA3
:10E85000FD033ADC09C7EE3FF5015B14E02F3EBE35
:10E860001E590000D858000004F0DEFC53EC1A2BAF
:10E8700004F030FA9DED060B41EC1A0B53EC102B13
:10E880009DED000B51EC100B04F0CEFCCDE90C011A
:10E890009DED0C0B51EC1A0B53EC102B04F01AFAF3
:10E8A000CDE902010C46AA498C422FDB611A0843CC
:10E8B00018D19DED0C0B53EC102B9DED020B51EC80
:10E8C000100B04F0BDFE41EC1B0B9FEDA30B51ECB4
:10E8D0001A0B53EC102B04F0FDF953EC1B2B04F036
:10E8E000A1FD2DD20220F1F733FF00F0E1FD10EE83
:10E8F000901A18EE900A8DED020B8DED008B61F3EE
:10E900001E0003909DED020BFFF7BEBB944A24F05E
:10E910000041914214D39349214408437FF4EFAC62
:10E920009DED0C0B53EC102B9DED020B51EC100BDD
:10E9300004F086FE53EC1A2B04F074FD7FF6DFAC76
:10E9400024F000408849894A002601EB2051824288
:10E950002BDA481C4FF4801121FA00F02044844A3D
:10E96000C0F30A517A44A1F2FF3192ED000B814AC3
:10E970008DED080BCA4020EA0202C0F3130040F4F8
:10E980008010C1F1140120FA01F60992002CB8BFE1
:10E9900076429DED080B53EC102B9DED0C0B51ECCA
:10E9A000100B04F04DFECDE90C019DED0C0B51EC6C
:10E9B0001A0B53EC102B04F08DF99FED6F0B0890A0
:10E9C000CDE9085153EC102B9DED080B51EC100BC9
:10E9D00004F02AFC41EC1B0B9FED690B53EC102B50
:10E9E0009DED080B51EC100B04F01EFC9DED0C0B83
:10E9F00041EC1C0B53EC102B9DED080B51EC100B54
:10EA000004F01EFE53EC1A2B04F042FD9FED5E1B3A
:10EA100053EC112B04F008FC53EC1C2B04F05AF9B6
:10EA200041EC1A0B51EC1B0B53EC1A2B04F052F96E
:10EA3000CDE902019DED020B53EC1B2B51EC100BA9
:10EA400004F0FEFD53EC1A2B04F022FD9DED020BA9
:10EA500041EC1A0B53EC102B51EC100B04F0E4FBBF
:10EA6000CDE908014A489DED080B0521784400F0E6
:10EA7000CFFB9DED081B51EC100B53EC112B04F058
:10EA8000D3FB9DED021B53EC112B04F001FDCDE9EE
:10EA900006019DED020B53EC1A2B51EC100B04F008
:10EAA000C3FB53EC1A2B04F015F99FED3B0B41EC23
:10EAB0001A0B53EC102B9DED060B51EC100B04F0D0
:10EAC000BFFD9DED060B41EC1B0B53EC102B9DED98
:10EAD000020B51EC100B04F0A7FB53EC1B2B04F0C2
:10EAE000B5F953EC1A2B04F0ABFD9DED021B53EC72
:10EAF000112B04F0A5FD53EC192B04F0C9FCCDE952
:10EB0000020101EB065001150029C8BF039015DC76
:10EB10009DED020B324651EC100B04F0CBFFFEF7DB
:10EB200015FF042808BF00F0D3FC32469DED020B10
:10EB300051EC100B04F0BEFFCDE902019DED020B7C
:10EB400051EC180B53EC102B04F06EFBFFF73ABBA3
:10EB50000000904000000000FE822B654715973CA6
:10EB600000CC904000346F3F01FCFFFF0000E03F0D
:10EB700090570000FFFF0F0000000000432EE63F0B
:10EB8000396CA80C615C20BEEF39FAFE422EE63FDC
:10EB900030560000000000000000000000000040AF
:10EBA00010B52F499FED2C1B2DED020B84B005985D
:10EBB00020F000408842DCBF00209DED040B32DDD8
:10EBC0002849884209D1049840B94FF00100F1F773
:10EBD000BFFD00F05DFC06B010BD05DB9DED040B34
:10EBE00000F042FC06B010BD68469DED040B00F03D
:10EBF0003BF810F0030011D0012818D09DED021B46
:10EC00009DED000B02281AD000F04AFA51EC100BCF
:10EC100004F022F806B041EC100B10BD9DED021B74
:10EC20009DED000B012000F06FFB06B010BD9DEDC7
:10EC3000021B9DED000B00F033FA06B010BD012061
:10EC400000F062FB51EC100B04F006F806B041EC4A
:10EC5000100B10BD000000000000000000000000CC
:10EC6000FB21E93F0000F07F2DE9F14F04462DED37
:10EC7000020B2DED088B8AB09FEDE70B80ED020BA8
:10EC8000139EE74826F0004585420ADC9DED120BF5
:10EC9000002084ED000B0AB0BDEC088B03B0BDE88A
:10ECA000F08FE0489FEDE0AB9FEDE1BBA84247DD70
:10ECB000E14F9FEDE39B9FEDE48B9DED120B53EC39
:10ECC0001A2B51EC100B002E1CDD04F0B9FC41ECAA
:10ECD000100BBD4208D053EC1B2B51EC100B04F071
:10ECE000AFFCC4E900010BE053EC192B51EC100B05
:10ECF00004F0A6FC53EC182B04F0A2FCC4E90001BC
:10ED00000120C8E703F0E6FF41EC100BBD4208D03C
:10ED100053EC1B2B51EC100B03F0DCFFC4E900019A
:10ED20000BE053EC192B51EC100B03F0D3FF53EC19
:10ED3000182B03F0CFFFC4E900014FF0FF30AAE722
:10ED4000C348A84279DB9DED120B51EC100B01F08A
:10ED50003EFB41EC180B9FEDC00B53EC102B04F065
:10ED600063FA9FEDBF1B53EC112B03F0B3FF04F0CC
:10ED7000C5F9074604F0F1F941EC190B53EC1A2BD5
:10ED800004F052FA53EC182B04F082FB41EC180B00
:10ED900053EC1B2B51EC190B04F046FADFF8C8A218
:10EDA00041EC100B4FEA15580125FA4453EC102B97
:10EDB00051EC180B04F044FC032DC4E900013DD0D4
:10EDC000C1F30A5005EB4511A8EB0000113981424F
:10EDD00034DA0AEB051BB0EE48AA9BED000BF0EE0F
:10EDE00068AA53EC102B51EC190B04F01DFA41ECFE
:10EDF0001B0B51EC1A0B53EC1B2B04F021FC41ECC8
:10EE0000180B51EC1A0B53EC182B04F019FC53ECB3
:10EE10001B2B04F015FC9BED020B41EC1A0B53EC81
:10EE2000102B51EC190B04F0FFF953EC1A2B04F0E2
:10EE300007FC41EC100B6D1CB8E70EE0002EA8BFDC
:10EE40003846BFF628AF94ED000B51EC100B03F0E1
:10EE500003FFC4E9000178421DE7C6F3130040F444
:10EE6000801EC6F30A50A0F2F530471100F01F05CE
:10EE7000C5F12000DDF848B008900020069007900A
:10EE80000520EC467949002D07EB0002794408BFC4
:10EE900051F8221009D051F8223001EB8201AB4029
:10EEA0004A68089922FA01F11943A1FB0E26A1FB39
:10EEB0000B131A449A4234BF0123002303EB0608C4
:10EEC0000CEB8003D3E901A60E448E4234BF01212E
:10EED000002192448A4411B1924502D903E092453F
:10EEE00001D2012100E00021C3E901A641444CF810
:10EEF0002010011EA0F10100C4DC029800F10050B6
:10EF0000850F0298DDE903678000DDF8148004F0C6
:10EF100024F941EC1A0B304604F036F99FED541BEE
:10EF200053EC112B04F080F941EC1B0B384604F034
:10EF30002BF99FED511B53EC112B04F075F941ECAB
:10EF4000180B404604F020F99FED4D1B53EC112B9C
:10EF500004F06AF941EC190B51EC180B53EC192B26
:10EF600003F0B8FE53EC1B2B03F0B4FE53EC1A2B4A
:10EF700003F0B0FECDE90801002008909DED080BDC
:10EF800053EC1A2B51EC100B04F05AFB53EC1B2BD7
:10EF900004F056FB53EC182B04F052FB53EC192BE6
:10EFA00004F076FA9FED381B53EC112B04F03CF97A
:10EFB0009FED370B41EC180B53EC102B9DED080B1C
:10EFC00051EC100B04F030F953EC182B03F082FED7
:10EFD0009FED310B41EC180B53EC102B9DED080B02
:10EFE00051EC100B04F020F953EC182B03F072FED7
:10EFF00041EC100B139810F0004F06D06D4251EC0D
:10F00000100B03F029FE41EC100B284684ED000B99
:10F0100041E60000000000000000000000000000C9
:10F02000FB21E93F7CD9024000004054FB21F93F1D
:10F030003163621A61B4D03DFB21F93F000000004A
:10F040000000601A61B4D03D7370032E8A19A33B8F
:10F05000FB2139410000000083C8C96D305FE43FE7
:10F06000000000000000E03F52530000A0520000EA
:10F07000000000000000103E000000000000103CF6
:10F08000000000000000103A182D4454FB21F93D07
:10F090003326A611460B113C00000054FB21F93D1C
:10F0A00010B52DED040B2DED088B82B0B0EE419A1A
:10F0B000F0EE619A0B9820F000449FED4BABB4F159
:10F0C000795F11DA9DED0A0B51EC100B04F016F884
:10F0D000002801BFB0EE4A0AF0EE6A0A02B0BDECA9
:10F0E000088B04BF04B010BD9DED0A0B53EC102B30
:10F0F00051EC100B04F098F841EC180B3C48062139
:10F10000B0EE480AF0EE680A784400F081F853EC5B
:10F11000182B51EC100B04F087F89DED0A0B41EC15
:10F120001B0B53EC192B51EC100B04F07DF841EC48
:10F13000190B53EC1B2B51EC180B04F075F853EC26
:10F14000192B04F07DFA9FED2C0B41EC190B53ECBD
:10F15000102B51EC180B04F067F841EC100B284809
:10F16000844210DA53EC192B51EC100B04F068FABE
:10F1700053EC1A2B04F08CF941EC100B02B0BDECEF
:10F18000088B04B010BD1F48A042BCBF9FED1E1BE2
:10F190008DED001B06DBA4F500100190002000900F
:10F1A0009DED001B51EC100B53EC112B04F048FAB1
:10F1B0009DED000B41EC180B53EC102B51EC1A0B8E
:10F1C00004F03EFA41EC1A0B53EC192B51EC180BDE
:10F1D00004F036FA53EC1A2B04F05AF941EC100BF8
:10F1E000CCE7000000000000000000000000F03F3D
:10F1F000BC4F000000000000000000000000E03FE5
:10F200003333D33F0000E93F000000000000D23F4D
:10F2100070B504462DED028B4D1E00EBC500B0EE1F
:10F22000408AF0EE608A90ED000B35F0060017D0B2
:10F2300053EC182B51EC100B03F0F6FF41EC100BC4
:10F240006D1E04EBC50090ED001B51EC100B53EC50
:10F25000112B03F03FFD41EC100B35F00600E7D118
:10F26000022D36D0042D1CD0062D1CBFBDEC028B08
:10F2700070BD53EC182B51EC100B03F0D5FF94ED3F
:10F280000A1B53EC112B03F025FD53EC182B03F054
:10F29000CBFF94ED081B53EC112B03F01BFD41EC4D
:10F2A000100B53EC182B51EC100B03F0BDFF94ED39
:10F2B000061B53EC112B03F00DFD53EC182B03F040
:10F2C000B3FF94ED040B53EC102B03F003FD41EC62
:10F2D000100B53EC182B51EC100B03F0A5FF94ED21
:10F2E000021B53EC112B03F0F5FC53EC182B03F02D
:10F2F0009BFF94ED001B53EC112B03F0EBFCBDECDA
:10F30000028B41EC100B70BD31B504462DED040BA2
:10F310002DED0A8BB0EE41BAF0EE61BA0B989DED7F
:10F320000A0B20F00040B0F1795F0DDA51EC100BC0
:10F33000FEF70CFB042808BF00F0CAF89DED0A0B8D
:10F34000BDEC0A8B05B030BD53EC102B51EC100B0B
:10F3500003F06AFF41EC180B9DED0A0B53EC182BE0
:10F3600051EC100B03F060FF41EC190B2C48B0EE90
:10F37000480AF0EE680A05217844FFF749FF9FED3F
:10F380002ACBB0EE40AAF0EE60AA9CB353EC1C2B43
:10F3900051EC190B03F048FF41EC1C0B53EC1A2BFA
:10F3A00051EC190B03F040FF9FED210B41EC190BC1
:10F3B00053EC102B51EC1B0B03F036FF53EC192BC5
:10F3C00004F03EF953EC182B03F02EFF53EC1B2BEB
:10F3D00004F036F953EC1C2B04F032F99DED0A1BB6
:10F3E00053EC112B04F054F8BDEC0A8B05B041EC42
:10F3F000100B30BDFFE753EC1A2B51EC180B03F048
:10F4000013FF53EC1C2B03F065FC53EC192B03F09A
:10F410000BFF9DED0A1B53EC112B03F05BFCE3E7A4
:10F420004C4E000000000000495555555555C5BFCC
:10F43000000000000000E03F9FED070B10B553EC0B
:10F44000102B9FED070B51EC100B03F0FFFC41EC70
:10F45000100B10BD000000000000000000000000C4
:10F46000000000000000F03F10B553EC102B51ECF1
:10F47000100B03F02FFC41EC100B10BD10B553EC3A
:10F48000112B51EC100B03F025FC41EC100B10BDBF
:10F490009FED050B10B553EC102B51EC100B03F046
:10F4A000D5FC41EC100B10BD000000000000000076
:10F4B0009FED050B10B553EC102B51EC100B03F026
:10F4C000B3FE41EC100B10BD000000000000007006
:10F4D0009FED050B10B553EC102B51EC100B03F006
:10F4E000A3FE41EC100B10BD000000000000001056
:10F4F00030EE000A704730EE200A7047DFED020A56
:10F5000080EEA00A70470000000000009FED020A94
:10F5100020EE000A704700000000001010B5F1F75F
:10F5200005FD8020F1F702FF5520F1F7FFFE552081
:10F53000F1F7FCFE50490870F1F7EEFC0120F4F7FA
:10F5400003FAF1F7F3FC8020F1F7F0FE5520F1F714
:10F55000EDFE5520F1F7EAFE47490870F1F7DCFCB3
:10F560000120F4F7F1F9F1F7E1FCB6217E20F1F783
:10F57000EFFEF1F7D1FC5020F4F7E6F9F1F7D6FCF5
:10F580008020F1F7D3FE5520F1F7D0FE5520F1F79A
:10F59000CDFE39490870F1F7BFFC0120F4F7D4F92A
:10F5A000F1F7C4FC8020F1F7C1FE5520F1F7BEFE53
:10F5B0005520F1F7BBFE30490870F1F7ADFC012092
:10F5C000F4F7C2F92C4800781E2801D0FF2010BDA6
:10F5D00000202A49087049E0F1F7A8FC274A127870
:10F5E00002EB4202264B1A445178244A127802EB6D
:10F5F0004202985CF1F7ACFEF1F78EFC0120F4F7C3
:10F60000A3F9F1F793FC1D49097801EB41011C4A6C
:10F61000515C41F08000F1F789FE5520F1F786FE3C
:10F620005520F1F783FE14490870F1F775FC0120AD
:10F63000F4F78AF91148007800EB400010490844BB
:10F6400040780D49097888420BD00C48007800EBCF
:10F6500040000B49084480780A4909780843094961
:10F66000087006480078401C044908700348007878
:10F670000628B1DB0020AAE70805002009050020C4
:10F68000140500200A05002010B5F1F763FC454978
:10F690000020F1F73EFEF1F753FC0120F4F754F996
:10F6A000F1F758FC3F490020F1F733FEF1F748FC31
:10F6B0000120F4F749F9F1F74DFCB6211420F1F7D8
:10F6C00047FEF1F73DFC5020F4F73EF9F1F742FC1C
:10F6D00034490020F1F71DFEF1F732FC0120F4F768
:10F6E00033F9F1F737FC2F490020F1F712FEF1F75B
:10F6F00027FC0120F4F728F92A4800780F2801D0C8
:10F70000FF2010BD00202849087045E0F1F722FCD9
:10F71000254A127802EB4202244B1A445178224ABD
:10F72000127802EB4202985CF1F712FEF1F708FC46
:10F730000120F4F709F9F1F70DFC1B49097801EBF9
:10F7400041011A4A505C1749F1F7E3FDF1F7F8FB64
:10F750000120F4F7F9F81448007800EB4000134951
:10F76000084440780F490978884210D00E48007844
:10F77000401E0D4908700846007800EB40000C4917
:10F78000084480780B49097808430A4908700648FC
:10F790000078401C04490870034800780628B5DB4F
:10F7A0000020AEE7080500200905002026050020FE
:10F7B000140500200A05002010B58AB0002401209D
:10F7C0000590002000900190029003900690012087
:10F7D00008900790002004900E2009906946084880
:10F7E000F3F7D8FA04460F2005900548F3F775FEA5
:10F7F00002210348F3F70EFA20460AB010BD0000BC
:10F80000E80C002010B503465C1A944201D2002097
:10F8100010BD0120FCE770B504460D462A4623685A
:10F82000D4E903019847064670BD70B504460D46FD
:10F830002A466368D4E903019847064670BD70B54F
:10F8400004460D46294604F1080000F010FA064669
:10F8500070BD00000FB410B504461C2203A9204659
:10F86000F0F771FE40216177044921610449E160AC
:10F870000448A060002010BC5DF814FBCF0B010809
:10F88000DD0B01083D0C010810B52DED068B8CB089
:10F8900025490A9108210B91F5F720FA40000590BF
:10F8A0009FED221B9FED230BFEF752FBB0EE409A1B
:10F8B000F0EE609A1C4905980968896AB0FBF1F07E
:10F8C0004FF4DC71B0FBF1F4204603F05DFC41EC39
:10F8D0001A0B53EC192B03F0B9FA41EC180B9FEDFE
:10F8E000170B53EC102B03F063FC03D254200E498A
:10F8F000096888620C480068806A80B2ADF8180018
:10F9000009480068C06A80B2ADF81A0008A80FC89C
:10F910008DE80F000B4805A90EC9FFF79BFF0020DB
:10F920000CB0BDEC068B10BD700E00200000000076
:10F93000000026C06379D9928FF3F03F00000000E9
:10F94000E0FFEF409879002038B50446694620462C
:10F95000FFF775FF206A00990D1A1422294600202E
:10F96000FFF750FF20B90321204600F0D5F820E032
:10F97000142229464FF4C870FFF744FF20B908212C
:10F98000204600F0C9F814E0142229464FF46170B3
:10F99000FFF738FF20B90121204600F009F908E0FF
:10F9A0001422294640F21450FFF72CFF08B94021D9
:10F9B0006177002038BD38B5044669462046FFF718
:10F9C0003EFF206A00990D1A142229460020FFF7F5
:10F9D00019FF20B90321204600F09EF820E01422F0
:10F9E00029464FF49670FFF70DFF20B908212046F5
:10F9F00000F092F814E0142229464FF42F70FFF71C
:10FA000001FF20B90121204600F0D2F808E01422BD
:10FA100029464FF47A70FFF7F5FE08B94021617767
:10FA2000002038BD38B5044669462046FFF707FF79
:10FA3000206A00990D1A142229460020FFF7E2FEE1
:10FA400020B90721204600F067F820E0142229465B
:10FA50004FF49670FFF7D6FE20B90421204600F03F
:10FA60005BF814E0142229464FF41670FFF7CAFE23
:10FA700020B90121204600F09BF808E01422294615
:10FA80004FF47A70FFF7BEFE08B94021617700207D
:10FA900038BD38B5044669462046FFF7D0FE206AD7
:10FAA00000990D1A142229460020FFF7ABFE20B959
:10FAB0000321204600F030F82CE0142229464FF4B0
:10FAC0009670FFF79FFE20B90521204600F024F82C
:10FAD00020E0142229464FF4FA70FFF793FE20B974
:10FAE0000A21204600F018F814E0142229464FF4A9
:10FAF0006170FFF787FE20B90121204600F058F819
:10FB000008E01422294640F21450FFF77BFE08B9A2
:10FB100040216177002038BD70B52DED088B04467B
:10FB20000D4615F10B0F01DB0C2D03DD0220BDECA2
:10FB3000088B70BD284603F010FB41EC1B0BB0EEA8
:10FB40004B1AF0EE6B1A9FED160BFEF701FAB0EEB2
:10FB500040AAF0EE60AA9FED140B53EC102B51EC71
:10FB60001A0B03F061FB41EC190B03F081F808EE6E
:10FB7000100AA1882068B0FBF1F000EE100AB8EE80
:10FB8000400AC0EE080ABCEEE00A10EE100AE0805F
:10FB9000E18804F10800FFF748FE0646C7E70000C9
:10FBA0006379D9928FF3F03F0000000000807B4022
:10FBB00070B506460D461DB1012D01D0022070BD65
:10FBC000294606F10800FFF726FE04462046F6E720
:10FBD0000246507F884202DD5177002070470120A5
:10FBE000FCE770B50446617FA07F81420BD0607F47
:10FBF000402808D000212046FFF7DAFF04F1200159
:10FC00002046FFF71CFE607F052821D005DC48B1A7
:10FC1000012813D0022823D11EE0062813D0402843
:10FC20001ED105E001212046FFF7C2FF054619E07D
:10FC300001212046FFF7BCFF054613E02046FFF7F1
:10FC400028FF05460EE02046FFF7B5FE054609E011
:10FC50002046FFF779FE05E02046FFF7E3FE01E0CE
:10FC6000012500BF00BF617FA177E8B270BD70B50C
:10FC700004460D462846A1688847064670BD000028
:10FC800070B505460E4600242FE0285DA52802D158
:10FC90000120184908701748007801281BD129193C
:10FCA00032461548F0F70AFC324613491348F0F77C
:10FCB00005FC01224FF4E0511148F3F779FF114898
:10FCC000007840B900211048FFF782FF0D48007806
:10FCD000401C0C49087007480078012803D1002017
:10FCE0000449087070BD601C84B2B442CDD300BF1B
:10FCF000F8E70000B1050020B69400202A72002029
:10FD0000001C0240A40000209879002070B52DED61
:10FD1000088B04462046F1F725FB00F065FB0546FD
:10FD2000B5F5605F52DD284603F017FA41EC190B78
:10FD3000B4F99D11C1EBC101C80203F00EFA9FEDA9
:10FD4000250B53EC102B03F06FFA53EC192B03F037
:10FD50007DF803F0D3F901B204F1EE00A4F89D118F
:10FD6000284603F0FAF941EC190BB4F95E12C1EB25
:10FD7000C101C80203F0F1F99FED160B53EC102BF3
:10FD800003F052FA53EC192B03F060F803F0B6F9C4
:10FD900001B2A4F85E12284603F0DFF941EC190B1A
:10FDA000B4F91F13C1EBC101C80203F0D6F99FEDEE
:10FDB000090B53EC102B03F037FA53EC192B03F01B
:10FDC00045F803F09BF901B2A4F81F13BDEC088BB2
:10FDD00070BD0000000000000000F03F024602F08D
:10FDE000010018B18A4201D0012070470020FCE7D1
:10FDF00010B52DED088B0446B0EE408A18EE100ABF
:10FE000003F008FD41EC190B94ED000A10EE101AF6
:10FE1000084603F0FFFC41EC1B0BB0EE4B0AF0EE82
:10FE20006B0AFEF789F8B0EE40AAF0EE60AA53EC38
:10FE3000192B51EC1A0B03F0BBF903D29FED030A07
:10FE400084ED000ABDEC088B10BD0000000000002E
:10FE50000D49B1F8A111090A01700B4991F8A111DE
:10FE600041700949B1F86212090A8170064991F896
:10FE70006212C1700449B1F82313090A01710249E1
:10FE800091F823134171704780730020816900EE5F
:10FE9000101A816A00EE901A20EE200AB5EEC00A10
:10FEA000F1EE10FA65DD816900EE101AB5EEC00AB8
:10FEB000F1EE10FA03DD816900EE101A04E08169A9
:10FEC00000EE101AB1EE400A416D00EE901AB4EE49
:10FED000E00AF1EE10FA00D87047016D00EE101A3A
:10FEE000416D00EE901A70EE200A816900EE101A42
:10FEF000B5EEC00AF1EE10FA03DD816900EE101ACA
:10FF000004E0816900EE101AB1EE400AF4EEC00A76
:10FF1000F1EE10FA28DB016D00EE901A816900EE17
:10FF2000101AB5EEC00AF1EE10FA03DD816900EE99
:10FF3000101A04E0816900EE101AB1EE400A70EE6A
:10FF4000C00A416D00EE101A30EE801A016D00EE0D
:10FF5000101AC1EE000A016B00EE101A20EE800AA2
:10FF600010EE101A016304E09FED030A10EE101A60
:10FF7000016300BFB0E700000000000050F82C1F34
:10FF800000EE101A416E00EE901A60EE201A016B1E
:10FF900000EE101A416E00EE901A30EE200A81EE4B
:10FFA000801A016900EE101A016B00EE901A60EEE3
:10FFB000201A00EE101A416E00EE901A30EE200A60
:10FFC000C1EE800A31EE200A10EE101A40F82C190A
:10FFD000704710B50446D4F8940090BBB4F86000A4
:10FFE000022817DD206901EE100AB1EE411AF0EE89
:10FFF000410AD4F8900000EE100A04F16200F9F70B
:020000040801F1
:1000000067F9E06800EE900A20EE200A10EE100A70
:10001000E06257E0606900EE100A206900EE900A85
:1000200070EE600AE06800EE100A20EE801AD4F844
:10003000900000EE100AC1EE000A10EE900AE06295
:1000400040E0FFE7B4F8600002281EDD206901EE01
:10005000100AB1EE411AF0EE410AD4F8900000EE19
:10006000100A04F16200F9F733F9E06800EE900A33
:10007000D4F89400806801EE100A70EE810A20EE38
:10008000200A10EE100AE0621CE0E06800EE100AA0
:10009000D4F89400806800EE900A30EE201A60696F
:1000A00000EE100A206900EE900A30EE600A21EEA0
:1000B000001AD4F8900000EE900A81EE200A10EEAB
:1000C000100AE06210BD0000816A00EE101A016B98
:1000D00000EE901A30EE200A344981ED000A416AA0
:1000E00000EE101A816A00EE901A70EE200AC16AC2
:1000F00000EE101A30EE800A2D4981ED000A91EDD4
:10010000000AB5EEC00AF1EE10FA02DD91ED000A28
:1001100004E0274991ED000AB1EE400A016C00EEBF
:10012000901AB4EEE00AF1EE10FA11DD816900EEEA
:10013000101A816A00EE901A20EE200AB5EEC00A6D
:10014000F1EE10FA04DD9FED1B0A10EE101A0163A8
:10015000416C00EE101A1549D1ED000AB4EEE00A28
:10016000F1EE10FA06D29FED130A10EE101A016399
:10017000416C8162416C00EE101AB1EE400A0B49ED
:10018000D1ED000AB4EEE00AF1EE10FA0CDD9FEDBD
:10019000090A10EE101A0163416C00EE101AB1EE5C
:1001A000400A10EE101A816270470000E00400203F
:1001B000DC0400200000000050F8341F00EE101A8C
:1001C000C16D00EE901A60EE201A416A00EE101A1E
:1001D000C16D00EE901A30EE200A81EE801A41685F
:1001E00000EE101A416A00EE901A60EE201A00EE3E
:1001F000101AC16D00EE901A30EE200AC1EE800A8E
:1002000031EE200A10EE101A40F834197047416B95
:1002100000EE101A016C00EE901AB4EEE00AF1EE56
:1002200010FA01DD016C4163416B00EE101A016CA4
:1002300000EE901AF1EE600AB4EEE00AF1EE10FA68
:1002400007D2016C00EE101AB1EE400A10EE101A3F
:100250004163704710B5416B00EE101A016C00EE5F
:10026000901A9FED261A60EE810AB4EEE00AF1EED4
:1002700010FA0BD3016800EE101AB0EEC00ADFEDE1
:10028000200AB4EEE00AF1EE10FA00D210BD0168C7
:1002900000EE101A016900EE901A30EE600AF0EEDE
:1002A000C00A016800EE101AB0EEC00A80EE801A93
:1002B0009FED140AB4EEC01AF1EE10FA09DD50F801
:1002C000994F4168631C41F1000103604160993816
:1002D00004E00022C0F89920C0F89D20D0F8994091
:1002E000D0F89D304FF4FA720021121B994102D2CE
:1002F0000122A1210A5400BFC8E700006F12833A0F
:1003000017B7D1383333733F416A00EE101A016CCE
:1003100000EE901AB4EEE00AF1EE10FA01DD016C85
:100320004162416A00EE101A016C00EE901AF1EE83
:10033000600AB4EEE00AF1EE10FA07D2016C00EEAA
:10034000101AB1EE400A10EE101A41627047D0F850
:100350009410D1B9816900EE101AC16900EE901AAB
:1003600030EE200AB0EE001AC0EE010A816800EEFD
:10037000101A60EE800AD0F8901000EE101A20EEED
:10038000800A10EE101A016320E0816900EE101A55
:10039000C16900EE901A30EE200AF0EE000A80EEFD
:1003A000201A816800EE101AD0F89410496800EE07
:1003B000901A30EE200A61EE000AD0F8901000EE9C
:1003C000101A20EE800A10EE101A0163704782B0F6
:1003D000CDE9000121F0004001909DED000B02B03D
:1003E00051EC100B7047000000202449B1F99D1119
:1003F000002903DD2149B1F99D1103E01F49B1F93D
:100400009D11494208461D49B1F95E12002903DDDC
:100410001A49B1F95E1203E01849B1F95E12494276
:1004200081420DDD1549B1F95E12002903DD134942
:10043000B1F95E1203E01149B1F95E124942084672
:100440000E49B1F91F13002903DD0C49B1F91F133F
:1004500003E00A49B1F91F13494281420DDD074902
:10046000B1F91F13002903DD0449B1F91F1303E09B
:100470000249B1F91F1349420846704780730020B2
:10048000F0EE401AF4EEE01AF1EE10FA02D2B0EEFD
:10049000600A7047F4EEC11AF1EE10FA02DDB0EE18
:1004A000410AF6E7B0EE610AF3E70000FDEEC00A8C
:1004B0000E48C0ED000AD0ED000AF8EEE00A70EE3A
:1004C000600A0B48C0ED000AD0ED000AB6EE001A33
:1004D000F4EEC10AF1EE10FA04DD04480068401C95
:1004E000024908600148006870470000A801002028
:1004F000AC01002070B52DED068B04460D46B0EE24
:10050000408A05202070D5F80500C4F821029FED2F
:100510003A0A10EE100AC4F82502D5F8010000EEE0
:10052000100AB1EE400A20EE080ADFED340A20EE90
:10053000200A10EE100AC4F829020020304908727F
:1005400084F831022F4890ED090A2F4880ED050A02
:100550002C4890ED0B0A10EE101A084603F05AF9D9
:1005600041EC1A0BB0EE4A0AF0EE6A0AFDF7E4FC21
:10057000B0EE409AF0EE609A9FED240B53EC102BF6
:1005800051EC190B02F04EFF31D21F48D0ED0A0A90
:10059000D4F80F0000EE100A30EEC00A10EE101A68
:1005A000084603F037F941EC1A0BB0EE4A0AF0EEB8
:1005B0006A0AFDF7C1FCB0EE409AF0EE609A9FED3A
:1005C000150B53EC102B51EC190B02F0F1FD0ED270
:1005D0000120A0700B4890ED050A0B4880ED0A0A37
:1005E000084890ED040A084880ED090A01E000205F
:1005F000A070BDEC068B70BD000000009A99993F79
:10060000547700208073002010010020000000A01B
:100610009999F13F0000000000000840002280F896
:1006200031229FED0E0A10EE102AC0F821229FED14
:100630000B0A10EE102AC0F825229FED080A10EED2
:10064000102AC0F8292201220A7205220270044AE7
:1006500092ED090A034A82ED050A70470000000086
:10066000807300201001002010B52DED048B04468E
:1006700001202070D4F8030000EE100AD4F80B001B
:1006800000EE900A30EE600A10EE101A084603F0F1
:10069000C1F841EC190BB0EE490AF0EE690AFDF71A
:1006A0004BFCB0EE408AF0EE608A9FED1C0B53ECE1
:1006B000102B51EC180B02F07BFD25D2D4F807006B
:1006C00000EE100AD4F80F0000EE900A30EE600A37
:1006D00010EE101A084603F09DF841EC190BB0EE2D
:1006E000490AF0EE690AFDF727FCB0EE408AF0EE09
:1006F000608A9FED0A0B53EC102B51EC180B02F0A3
:1007000057FD01D2012000E0002084F831020020D2
:1007100004490872BDEC048B10BD0000000000000D
:10072000000014405477002010B52DED048B0446D2
:1007300051480068401C5049086002202070002089
:100740000860207802287CD1002084F831024B48D0
:1007500090ED0B0A10EE101A084603F05BF841EC1E
:10076000190BB0EE490AF0EE690AFDF7E5FBB0EEB1
:10077000408AF0EE608A9FED420B53EC102B51EC57
:10078000180B02F04FFE32D2D4F8070000EE100A28
:10079000D4F80F0000EE900A30EE600A10EE101A46
:1007A000084603F037F841EC190BB0EE490AF0EEB9
:1007B000690AFDF7C1FBB0EE408AF0EE608A9FED5A
:1007C000320B53EC102B51EC180B02F0F1FC0ED253
:1007D0000120A070294890ED050A2D4880ED0A0AF5
:1007E000264890ED040A2A4880ED090A01E000201D
:1007F000A070A07828BBD4F8070000EE100AD4F847
:100800000F0000EE900A30EE600A10EE101A084653
:1008100003F000F841EC190BB0EE490AF0EE690A5A
:10082000FDF78AFBB0EE408AF0EE608A9FED190B6F
:1008300053EC102B51EC180B02F0BAFC12D21448F6
:1008400000E00FE090ED0A0ADFED140A30EE200A16
:1008500080ED0A0A90ED0A0ADFED110A30EE600A17
:1008600080ED040A054890ED090A094880ED050A63
:10087000BDEC048B10BD00005C01002080730020E3
:10088000000000A09999F13F000000000000204006
:10089000100100200000000000001440CDCC4C3EB0
:1008A0000000A042D0F83222521CC0F832220022AE
:1008B00080F83122D0F83222962A08D9012202701B
:1008C00000228270C0F832221E4B5A7138E0D0F8F4
:1008D00032223C2A06D9BFEE080A10EE102AC0F8D0
:1008E00029222DE0D0F83222012A29D99FED160ABB
:1008F000164A82ED030A92ED0A0ADFED150A30EE80
:10090000600A82ED040A134A92ED090A0F4A82ED49
:10091000050A00220A729FED100A10EE102AC0F894
:1009200021229FED0E0A10EE102AC0F829229FED19
:100930000C0A10EE102AC0F825220122014B5A7130
:1009400070470000147200200000F04210010020E7
:100950000000A042807300200000B4C200000080AC
:100960000000000010B52DED048B0446012020701E
:10097000D4F8030000EE100AD4F80B0000EE900A41
:1009800030EE600A10EE101A084602F043FF41EC08
:10099000190BB0EE490AF0EE690AFDF7CDFAB0EE98
:1009A000408AF0EE608A9FED1C0B53EC102B51EC4B
:1009B000180B02F0FDFB25D2D4F8070000EE100A58
:1009C000D4F80F0000EE900A30EE600A10EE101A14
:1009D000084602F01FFF41EC190BB0EE490AF0EE99
:1009E000690AFDF7A9FAB0EE408AF0EE608A9FED41
:1009F0000A0B53EC102B51EC180B02F0D9FB01D26F
:100A0000012000E0002084F831020020044908722F
:100A1000BDEC048B10BD00000000000000002E4063
:100A200054770020F6F74CFFF8F71EFB07E0F6F7C7
:100A3000A9FF0348FFF7D5F8012001F009F9F6E70F
:100A400098790020F0EE400AF6EE001A60EEA11A46
:100A5000B0EE611AB0EE600A10EE100A0749A1EB81
:100A6000600000EE100A21EE002AF7EE081A42EEAE
:100A7000401A61EE801AB0EE610A7047865A375FFD
:100A8000F3F7AEF8F9F73EFDF7F7FCFFF7F75AFF7B
:100A9000F7F734FFF8F73AFAF8F730F9F8F752F9C0
:100AA000F8F7E2F9F8F758FAF8F766F9F8F7C0FA44
:100AB00000224FF480611C48F3F77AF800224FF4CB
:100AC00000611948F3F774F800224FF4805116487A
:100AD000F3F76EF81548F4F779FF00211348F5F79E
:100AE00059FA04211148F5F755FAF0F711FFFEF70E
:100AF00063FEA820F1F742F800BF01210C48F0F78F
:100B0000ADFB0028F9D120220A490B48F5F75EFD1C
:100B1000FEF7BAFE01210948FFF75AF8F7F736FF4A
:100B200000F021F800BFFEE7001C0240280E002064
:100B3000100D002024770020900F002098790020CD
:100B400001460020842901D0CA1C1044704770B5AA
:100B5000044625460DB1294600E00121084601F072
:100B600077F8002070BD10B501F0EEF8002010BD40
:100B70007FB504460D46606998B1A06988B1B4F9A3
:100B80000800FFF7DDFF0646D4E90510CDE9006156
:100B900002902B462269D4E9001001F095FD0390E4
:100BA00013E0B4F90800FFF7CBFF064603A8CDE930
:100BB0000060238A9AB22B46D4E9001001F052FD5E
:100BC000012802D0002004B070BD0398FBE710B5E7
:100BD000044601F0E7FD2060284610BD70B50446CC
:100BE0000B462146002A02DBB2F5803F01DB0220E2
:100BF00070BD0868C26233B9032092FBF0F0400078
:100C00000E68706317E0042B06D1032092FBF0F00E
:100C100040000E68B0630EE0082B06D1032092FB63
:100C2000F0F040000E68F06305E0032092FBF0F066
:100C300040000E6830640546E8B2D9E72DE9F0417E
:100C400005460F461646A84616B1012E0CD105E002
:100C500039464046F5F79EF9044608E039464046D5
:100C6000F5F71EFA044602E00220BDE8F08100BF5D
:100C7000E0B2FAE730B589B004460D464FF4007093
:100C80000390002004900590069008200790002013
:100C90008DF8200028680190686802900548844219
:100CA00005D16B4601AA03A92046F1F7C8FF002031
:100CB00009B030BDE80C00202DE9F04105460E4694
:100CC0001F48076800201F49096881F852001D4825
:100CD0000068001D00F033FE50B91A48006890F813
:100CE0002C1001208840184909688143164801608A
:100CF000681C38B936B113480168091D134800F063
:100D000075FE1AE07C190F4800684460BC4207D2A7
:100D10000C480168091D0E48006800F04DFE0CE00B
:100D200008480168091D0B48006800F045FE0A48A4
:100D30000068844201D208480460BDE8F0810000E8
:100D40003C0000202800002040000020F01000207F
:100D5000300000202C0000205800002010B5044670
:100D600000F050FE23480068401C224908602248D9
:100D7000006840B9204804600846006801280DD189
:100D800000F0FAF90AE01D48006838B91A4800680E
:100D9000C06AE16A884201D81748046018480068B0
:100DA000401C1749086094F82C1001208840154910
:100DB0000968084313490860E16A01EB8101124A9E
:100DC00002EB8100211D00F011FE00F045FE0B48F2
:100DD000006868B108480068C06AE16A884207D2C2
:100DE0004FF0805009490860BFF34F8FBFF36F8FFA
:100DF00010BD000038000020280000204400002022
:100E000054000020400000201410002004ED00E0F9
:100E100008B500F0F7FD12480068E8B9114800F085
:100E2000BBFD114800F0B8FD0E48104908600E489F
:100E30000F49086000200F4B0F4A102100900A2034
:100E400001F0FAF8064908600846006820B10BA1D5
:100E50000348006800F0C0FE00F0FEFD08BD000081
:100E60006C000020041100201811002064000020F4
:100E7000680000202C11002074110020546D725164
:100E80000000000010B516E000F0BCFD0C48C06882
:100E9000C468201D00F053FD0A480068401E09493F
:100EA000086009480068401E0749086000F0D4FD4A
:100EB000204600F05FF8044800680028E4D110BD27
:100EC000DC100020380000203400002070B50446FB
:100ED0000D46206C70B1216CE0680144E160D4E9FA
:100EE0000210884201D32168E1602846226CE16843
:100EF000EFF7E4FA70BD2DE9F04104460F461546C0
:100F00004FF00008A66B206C48B9206800282CD14F
:100F1000A06801F0F1FC80460020A06025E07DB9CA
:100F20003946226C6068EFF7C9FA216C60680844A2
:100F30006060D4E90101884217D32068606014E042
:100F40003946226CE068EFF7B9FA216CE068411A83
:100F5000E1602168E068884203D2216CA068411AF0
:100F6000E160022D01D106B1761E701CA0634046DF
:100F7000BDE8F08110B5044694F8510030B9206BFB
:100F800000F088FD204600F085FD1AE094F851003D
:100F9000012803D1204600F07DFD12E094F85100B5
:100FA000022801D1012000E0002050B900BF5020EC
:100FB00080F31188BFF34F8FBFF36F8F00BF00BF67
:100FC000FEE710BD0146084A126812680AB90122FC
:100FD00000E000220A600A6822B9034A1268D26857
:100FE000106800E0002070476400002030B54FF426
:100FF000C043174800F007042CB1C01D20F00700C3
:10100000134C041B1B1B0246124C22600024114D82
:101010006C60D018083820F007000F4C20600024C6
:101020000D4D2D686C600C4D2D682C601146441AD6
:101030004C60094C24680C60084D4C682C60084DCD
:101040004C682C604FF00044064D2C6030BD000011
:10105000141200207800002080000020880000206A
:10106000840000209400002000BFFFF70BFF06481B
:1010700000680128F9D94FF0805004490860BFF397
:101080004F8FBFF36F8FF0E71410002004ED00E0E6
:101090002DE9F04106460D4617469846069C0DB9C7
:1010A000246000E02760E66325640121204601F00A
:1010B00033F8BDE8F0812DE9F05F82460E46904698
:1010C0009B460A9F0C9C4FEA8801A522206BEFF7F4
:1010D0006CFAA8F10100216B01EB800929F00709E6
:1010E00009F0070008B9012000E0002050B900BF56
:1010F000502080F31188BFF34F8FBFF36F8F00BF75
:1011000000BFFEE786B1002507E0715D04F1340001
:101110004155705D00B902E06D1C102DF5D300BF84
:1011200000214320015502E0002084F83400072FFD
:1011300000D30627E76267640020A064201D00F04A
:1011400038FC04F1180000F034FC2461C7F10700FA
:10115000A06164620020E06484F8500084F85200CA
:101160005A465146484600F071FB20600B9808B182
:101170000B980460BDE8F09F10B5002407E004EB75
:1011800084010F4A02EB810000F006FC641C072C6E
:10119000F5D30C4800F000FC0B4800F0FDFB0B48B9
:1011A00000F0FAFB0A4800F0F7FB0A4800F0F4FBF5
:1011B00004480949086004480849086010BD000057
:1011C00014100020A0100020B4100020C81000202F
:1011D000DC100020F01000202C0000203000002047
:1011E00010B50146164800E0006803688B42FBD347
:1011F0000246436813448B4204D143684C6823443D
:10120000436001460A464B6813440468A34211D167
:101210000C4C03682468A34208D04B6804686468D7
:1012200023444B6003681B680B6005E0054B1B689B
:101230000B6001E003680B60884200D0016010BDC4
:1012400078000020800000202DE9F04104460D4682
:1012500016461F464FF0000865602461B5420CD861
:10126000F01BA169884202D34FF0010811E0211D53
:101270000948006800F0A0FB0BE0BE4204D2BD426A
:1012800002D34FF0010804E0211D0448006800F07B
:1012900093FB4046BDE8F081680000206400002018
:1012A00070B5054600F0AEFBA86B08B9012400E05C
:1012B000002400F0D1FB204670BD70B5054600F05B
:1012C000A1FBA86BE96B884201D1012400E0002456
:1012D00000F0C2FB204670BDF8B505460F461A481F
:1012E0000068C068C468201D00F029FB94F8240041
:1012F00000F00400E8B1A06941192B463A462046A7
:10130000FFF7A2FFD8B1002003462A46014600900D
:10131000204601F05FFC064656B900BF502080F31E
:101320001188BFF34F8FBFF36F8F00BF00BFFEE781
:1013300005E094F8240020F0010084F82400204601
:10134000216A8847F8BD000064000020F0B587B02E
:10135000A0E00398002811DA04AE56B900BF50206F
:1013600080F31188BFF34F8FBFF36F8F00BF00BFB3
:10137000FEE7D6E90020B168904700BF0398002837
:10138000E6DB059C606908B9012000E0002010B987
:10139000201D00F0D4FA02A800F0DEF805460398FC
:1013A0000A2875D2DFE800F009050739416306080D
:1013B0003A4200BF00BF00BF00BF94F8240040F0D5
:1013C000010084F824000498A269811803462A4683
:1013D0002046FFF739FFF8B12046216A884794F884
:1013E000240000F00400B8B1002000900498A16926
:1013F000421800231946204601F0ECFB074657B976
:1014000000BF502080F31188BFF34F8FBFF36F8F61
:1014100000BF00BFFEE700BF3BE000BF94F8240020
:1014200020F0010084F8240033E000BF94F8240089
:1014300040F0010084F824000498A061A06908B17C
:10144000012000E0002050B900BF502080F3118837
:10145000BFF34F8FBFF36F8F00BF00BFFEE7A069E0
:1014600041192B462A462046FFF7EEFE11E094F87C
:10147000240000F0020018B9204600F00BFB05E044
:1014800094F8240020F0010084F8240001E0FFE734
:1014900000BF00BF002203A90448006800F0DAFF83
:1014A00000287FF456AF07B0F0BD00006C000020AC
:1014B000F8B505460C4600F0A3FC684600F04CF871
:1014C0000646009820BB44B9B54206D801F0C4FADC
:1014D00031462846FFF700FF1CE03CB10E4800688B
:1014E000006808B9012000E000200446A91B22463C
:1014F0000A48006800F086FB01F0AEFA50B94FF0E0
:10150000805007490860BFF34F8FBFF36F8F01E032
:1015100001F0A2FAF8BD0000680000206C00002075
:1015200004ED00E00A490968096809B9012100E0F1
:10153000002121B14FF0FF31064A116006E0044955
:101540000968C968C868034A4168116070470000AB
:101550002C0000205800002070B5044601F022F94C
:10156000054607480068854204D200F00BF80120C8
:10157000206001E00020206001480560284670BD21
:10158000740000202DE9F84334E025480068C06865
:10159000056823480068C068C468201D00F0CFF9C2
:1015A0002046216A884794F8240000F0040008B31C
:1015B000A0694619AE4207D966602461211D18480A
:1015C000006800F0F9F915E0002003462A460146BC
:1015D0000090204601F0FEFA074657B900BF5020A0
:1015E00080F31188BFF34F8FBFF36F8F00BF00BF31
:1015F000FEE700BF0A480068006808B9012000E063
:1016000000200028C1D00648D0F8008005480068B6
:10161000034908600348C0F80080BDE8F883000073
:1016200064000020680000200E480068401C08B9D3
:10163000012000E0002050B900BF502080F3118845
:10164000BFF34F8FBFF36F8F00BF00BFFEE700BF38
:10165000502080F31188BFF34F8FBFF36F8F00BF0F
:1016600000BFFEE79800002008B500BF6846FFF7FE
:10167000A9FC044620460099FFF71AFFFFF766FE13
:10168000F4E770B5044600F0BDF994F9455010E058
:10169000606A08B9012000E0002038B904F1240094
:1016A00001F08EF918B100F00DFB00E003E0681EB8
:1016B00045B2002DECDC00BFFF2084F8450000F0AF
:1016C000CBF900F09FF994F9445010E0206908B973
:1016D000012000E0002048B904F1100001F070F989
:1016E00008B100F0EFFA681E45B200E001E0002DFD
:1016F000ECDC00BFFF2084F8440000F0ADF970BDC1
:101700002DE9F04104464FF0000800F079FB49480C
:10171000006808B9FFF76AFC4748006820400028C5
:1017200070D1D4B1083404F00700B0B104F0070060
:10173000C0F10800044404F0070008B9012000E0EB
:10174000002050B900BF502080F31188BFF34F8FA5
:10175000BFF36F8F00BF00BFFEE7002C52D03748A9
:10176000006884424ED8364E3046056801E02E4669
:101770002D686868A04202D228680028F7D12D4859
:10178000006885423ED0306800F108082868306063
:101790006868001B102819D92F1907F0070008B92D
:1017A000012000E0002050B900BF502080F31188D4
:1017B000BFF34F8FBFF36F8F00BF00BFFEE76868B6
:1017C000001B78606C603846FFF70AFD1B496868AB
:1017D0000968081A19490860084600681949096823
:1017E000884203D2154800681649086012496868A3
:1017F0000968084368600020286013480068401C9E
:101800001149086001F028F908F0070008B9012023
:1018100000E0002050B900BF502080F31188BFF3D2
:101820004F8FBFF36F8F00BF00BFFEE74046BDE89C
:10183000F08100008000002094000020840000203F
:1018400078000020880000208C000020001F4FF04E
:1018500080730360001F21F001030360001F054B2C
:10186000036014380260001F6FF002030360203829
:10187000704700002916010800B52DED048B83B0D8
:1018800041EC190B01F010FE41EC180B18EE100A98
:1018900018EE901A8DED008B002818BF0120084328
:1018A00020F00040C0F17F6000F1E040C00F14D094
:1018B00019EE101A19EE900A8DED009B002918BF41
:1018C0000121084320F00040C0F17F6000F1E040BA
:1018D000C00F04BF0120EEF73BFF51EC180B03B023
:1018E000BDEC048B00BD10B500EE100A2DED028B8F
:1018F000B1EEC08A18EE100A20F00040C0F1FF409F
:10190000C00F0AD010EE100A20F00040C0F1FF40D6
:10191000C00F04BF0120EEF71BFF18EE100ABDEC4C
:10192000028B10BD10EE101AC0F8031010EE901AC2
:10193000C0F8071011EE101AC0F8111270470146D6
:101940000A69D1E901309860D1E901035860506813
:10195000884201D188685060002008611068401EEC
:101960001060106870470000034B0360034B0B606E
:10197000802313607047000040060020940600207A
:10198000034B0360034B0B604FF48073136070478D
:1019900094080020E808002000F1080141604FF0A1
:1019A000FF31816000F10801C16001610021016027
:1019B000704700210161704710B502460B685C1C3E
:1019C0000CB9106907E002F1080000E040684468C3
:1019D00024689C42FAD944684C604C68A1608860D5
:1019E00041600A611468641C146010BD42684A605A
:1019F00093688B60936859609160086103685B1C11
:101A00000360704700BF502080F31188BFF34F8FF1
:101A1000BFF36F8F00BF0E480068401C0C49086080
:101A200008460068012812D10A480068C0B208B907
:101A3000012000E0002050B900BF502080F3118841
:101A4000BFF34F8FBFF36F8F00BF00BFFEE770473C
:101A50009800002004ED00E00D48006850B900BF78
:101A6000502080F31188BFF34F8FBFF36F8F00BFFB
:101A700000BFFEE706480068401E054908600846AA
:101A8000006820B9002080F3118800BF00BF7047B4
:101A90009800002070B506463546002E44D0083D1B
:101AA0002C46224960680968084008B1012000E01E
:101AB000002050B900BF502080F31188BFF34F8F32
:101AC000BFF36F8F00BF00BFFEE7206808B9012099
:101AD00000E0002050B900BF502080F31188BFF310
:101AE0004F8FBFF36F8F00BF00BFFEE70F496068E5
:101AF00009680840C0B12068B0B90C49606809683D
:101B00008843606000F07CF909496068096808440E
:101B1000074908602046FFF763FB06480068401C41
:101B20000449086000F098FF70BD00009400002098
:101B3000840000209000002000204FF0E021086188
:101B40008861064800684FF47A71B0FBF1F0401EDE
:101B50004FF0E02148610720086170472400002011
:101B600070B5EEF7E1FB0446102C16D304F1E0202B
:101B700090F8F05315480078854201DB012000E021
:101B8000002050B900BF502080F31188BFF34F8F61
:101B9000BFF36F8F00BF00BFFEE70D48006800F481
:101BA000E0600C490968884201D8012000E000206B
:101BB00050B900BF502080F31188BFF34F8FBFF39F
:101BC0006F8F00BF00BFFEE770BD00009C000020CB
:101BD0000CED00E0A0000020024600200BE0084BC6
:101BE00053F8303033B9064B43F8301003EBC003E1
:101BF0005A6002E0401C0828F1D300BF7047000083
:101C0000D40F00202DE9F04105460E4617462C461C
:101C1000FFF7F8FE94F94400401C10B9002084F846
:101C2000440094F94500401C10B9002084F8450098
:101C3000FFF712FFA06B28B93A46314604F12400A1
:101C400000F062F82046FFF71CFDBDE8F0810000BF
:101C500070B504460025D4B11248006808B90120C7
:101C600000E0002050B900BF502080F31188BFF37E
:101C70004F8FBFF36F8F00BF00BFFEE700F0C0F8CB
:101C800000212046FFF718F800F0E6FE05463DB9B2
:101C90004FF0805004490860BFF34F8FBFF36F8F40
:101CA00070BD00006000002004ED00E003490968F9
:101CB000016003490968416070470000500000203E
:101CC0003C00002001200149086070474C000020C2
:101CD00070B504460D4654B900BF502080F31188FA
:101CE000BFF34F8FBFF36F8F00BF00BFFEE7054804
:101CF000016818312046FFF75FFE01212846FEF7F4
:101D0000DBFF70BD2800002070B505460E46144666
:101D100055B900BF502080F31188BFF34F8FBFF338
:101D20006F8F00BF00BFFEE70648016818312846E4
:101D3000FFF75CFE0CB14FF0FF3621463046FEF750
:101D4000BBFF70BD2800002010B586B000200590B4
:101D5000049003AA04A905A8FFF706FE0022DDE906
:101D600004101346CDE9002102901EA11F48039ADA
:101D700000F0AAFC1E4908600846006808B101246A
:101D800000E00024012C02D100F0E8FE0446012C02
:101D900015D100BF502080F31188BFF34F8FBFF3E0
:101DA0006F8F00BF4FF0FF301249086001201249C9
:101DB000086000201149086000F070F810E0601C15
:101DC00008B1012000E0002050B900BF502080F38E
:101DD0001188BFF34F8FBFF36F8F00BF00BFFEE7C7
:101DE00006B010BD49444C450000000069100108D0
:101DF0005C00002058000020440000203C0000202F
:101E000002480068401C01490860704760000020DB
:101E10001D48006818B101201C49086032E000200C
:101E20001A4908601A480068B0FA80F0C0F11F0132
:101E300001EB8100174A52F8200008B1012000E0B0
:101E4000002050B900BF502080F31188BFF34F8F9E
:101E5000BFF36F8F00BF00BFFEE701EB81020D4BA8
:101E600003EB820042685268426000F10802436856
:101E7000934202D14268526842604268D268064B7F
:101E80001A6000BF70470000600000204C00002076
:101E90004000002014100020280000201CB55248EB
:101EA00000685249884201D0012000E0002050B96A
:101EB00000BF502080F31188BFF34F8FBFF36F8FA7
:101EC00000BF00BFFEE7484800684849491E8842F5
:101ED00001D0012000E0002050B900BF502080F365
:101EE0001188BFF34F8FBFF36F8F00BF00BFFEE7B6
:101EF0003F49084600780190FF200A4610700846C6
:101F0000007800909DF8000000F0F0009DF800209F
:101F1000904201D1012000E0002050B900BF5020C4
:101F200080F31188BFF34F8FBFF36F8F00BF00BFE7
:101F3000FEE79DF8000000F050002E4A10700720C8
:101F40002D4A106009E02C480068401E2A4A1060A3
:101F50009DF800004006000E00909DF8000000F083
:101F600080008028EFD024480068C0F107000428D2
:101F700001D1012000E0002050B900BF502080F3C3
:101F80001188BFF34F8FBFF36F8F00BF00BFFEE715
:101F9000194800680002184A10601046008800F4D2
:101FA000E0601060124A019810700F4820300068FD
:101FB00040F470000C49203108600846006840F089
:101FC00070400860FFF7B8FD00200C490860EEF78C
:101FD00073F90B48006840F0404009490860EEF78B
:101FE00057F900201CBD000000ED00E071C20F4158
:101FF00000E400E09C000020A000002098000020E9
:1020000034EF00E010B500BF502080F31188BFF31B
:102010004F8FBFF36F8F00BF00F0CAFB18B14FF0B6
:1020200080500449086000BF002080F3118800BF81
:1020300010BD000004ED00E02DE9F84380460E4697
:1020400017461D46DDF82090B8F1000F01D00120A1
:1020500000E0002050B900BF502080F31188BFF38A
:102060004F8FBFF36F8F00BF00BFFEE70DB10120A0
:1020700000E0002050B900BF502080F31188BFF36A
:102080004F8FBFF36F8F00BF00BFFEE707B10EB1E8
:10209000012000E0002050B900BF502080F31188DB
:1020A000BFF34F8FBFF36F8F00BF00BFFEE707B9CD
:1020B0000EB9012000E0002050B900BF502080F38D
:1020C0001188BFF34F8FBFF36F8F00BF00BFFEE7D4
:1020D000482000900098482801D1012000E000200D
:1020E00050B900BF502080F31188BFF34F8FBFF36A
:1020F0006F8F00BF00BFFEE700BF2C464CB1012030
:1021000084F846004B463A46314640460094FEF776
:10211000BFFF2046BDE8F88370B505460E462C4645
:1021200054B900BF502080F31188BFF34F8FBFF325
:102130006F8F00BF00BFFEE7FFF764FCD4E90F120A
:10214000206801FB0200A0600020A063206860609E
:10215000E06B401E226C216800FB0211E160FF2051
:1021600084F8440084F845009EB9206908B901202C
:1021700000E00020A8B904F1100000F021FC80B1BB
:102180004FF0805009490860BFF34F8FBFF36F8F46
:1021900007E004F11000FFF7FFFB04F12400FFF754
:1021A000FBFBFFF759FC012070BD000004ED00E0CF
:1021B0002DE9FF4383B0064688461D464FF00009CF
:1021C000344654B900BF502080F31188BFF34F8FBD
:1021D000BFF36F8F00BF00BFFEE7B8F1000F01D162
:1021E000206C08B9012000E0002050B900BF502049
:1021F00080F31188BFF34F8FBFF36F8F00BF00BF15
:10220000FEE7022D02D1E06B012801D1012000E0A0
:10221000002050B900BF502080F31188BFF34F8FCA
:10222000BFF36F8F00BF00BFFEE700F0ABFA08B945
:10223000059808B9012000E0002050B900BF5020E7
:1022400080F31188BFF34F8FBFF36F8F00BF00BFC4
:10225000FEE700BFFFF7D6FBA06BE16B884201D31E
:10226000022D28D12A4641462046FEF744FE074665
:10227000606A08B9012000E0002068B904F1240078
:1022800000F09EFB88B14FF0805032490860BFF3E8
:102290004F8FBFF36F8F08E03FB14FF080502D4953
:1022A0000860BFF34F8FBFF36F8FFFF7D5FB01209F
:1022B00007B0BDE8F083059818B9FFF7CDFB002003
:1022C000F6E7B9F1000F04D101A8FFF7EFFC4FF0DA
:1022D0000109FFF7C1FBFFF793FDFFF793FB94F9AB
:1022E0004400401C10B9002084F8440094F94500D3
:1022F000401C10B9002084F84500FFF7ADFB05A98C
:1023000001A800F05BF9F0B92046FEF7D6FFA0B1B6
:1023100004F110000599FFF7DBFC2046FFF7B1F947
:1023200000F09AFB002895D14FF0805009490860D1
:10233000BFF34F8FBFF36F8F8CE72046FFF7A1F9F4
:1023400000F08AFB86E72046FFF79BF900F084FB4C
:102350000020ADE704ED00E02DE9F84F07468A467E
:1023600090461E463C4654B900BF502080F3118869
:10237000BFF34F8FBFF36F8F00BF00BFFEE7BAF10F
:10238000000F01D1206C08B9012000E0002050B9F5
:1023900000BF502080F31188BFF34F8FBFF36F8FC2
:1023A00000BF00BFFEE7022E02D1E06B012801D181
:1023B000012000E0002050B900BF502080F31188B8
:1023C000BFF34F8FBFF36F8F00BF00BFFEE7FFF774
:1023D000C7FB00BF5021EFF3118081F31188BFF3D9
:1023E0004F8FBFF36F8F00BF0546A06BE16B884234
:1023F00001D3022E25D194F945B0A06B009032464E
:1024000051462046FEF777FD0BF1010088B9606A5E
:1024100008B9012000E0002050B904F1240000F0C8
:10242000CFFA28B1B8F1000F02D00120C8F800009F
:1024300004E00BF1010040B284F845004FF00109BF
:1024400001E04FF0000900BF85F3118800BF484646
:10245000BDE8F88F2DE9F74183B005460E464FF0F1
:1024600000082C4654B900BF502080F31188BFF3F8
:102470004F8FBFF36F8F00BF00BFFEE70EB9206C18
:1024800008B9012000E0002050B900BF502080F3BF
:102490001188BFF34F8FBFF36F8F00BF00BFFEE700
:1024A00000F070F908B9059808B9012000E0002093
:1024B00050B900BF502080F31188BFF34F8FBFF396
:1024C0006F8F00BF00BFFEE700BFFFF79BFAA76B4F
:1024D000F7B131462046FEF7F9FC781EA06320696B
:1024E00008B9012000E0002060B904F1100000F0FC
:1024F00067FA38B14FF080502F490860BFF34F8F13
:10250000BFF36F8FFFF7A8FA012006B0BDE8F08196
:10251000059818B9FFF7A0FA0020F6E7B8F1000F08
:1025200004D101A8FFF7C2FB4FF00108FFF794FAAE
:10253000FFF766FCFFF766FA94F94400401C10B9F7
:10254000002084F8440094F94500401C10B9002094
:1025500084F84500FFF780FA05A901A800F02EF8DD
:10256000F0B92046FEF79CFEA0B104F124000599C5
:10257000FFF7AEFB2046FFF784F800F06DFA002865
:10258000A3D14FF080500C490860BFF34F8FBFF3C9
:102590006F8F9AE72046FFF774F800F05DFA94E732
:1025A0002046FFF76EF800F057FA2046FEF778FE57
:1025B00000288AD00020A8E704ED00E070B50646A8
:1025C0000C4656B900BF502080F31188BFF34F8FDF
:1025D000BFF36F8F00BF00BFFEE754B900BF5020AC
:1025E00080F31188BFF34F8FBFF36F8F00BF00BF21
:1025F000FEE7FFF707FA184802687068131A1748D1
:10260000006890F8520030B100201449096881F840
:10261000520001251CE02068401C08B9002517E085
:102620000F4930680968884204D07068904201D828
:1026300001250DE02068984207D92068C01A206063
:102640003046FFF733FB002502E000202060012523
:10265000FFF702FA284670BD3C0000202800002049
:10266000500000202DE9FF4F85B08046894617466F
:10267000DDE912ABB800FFF743F8064656B1542027
:10268000FFF73EF804460CB1266304E03046FFF73E
:1026900001FA00E000248CB1002084F85100CDE95B
:1026A00000ABCDE902403A4649464046089BFEF75A
:1026B00002FD2046FEF752FB012501E04FF0FF35F9
:1026C000284609B0BDE8F08F2DE9F04F85B00746E8
:1026D000884691469A46DDE90EB6109C0EB101205F
:1026E00000E0002050B900BF502080F31188BFF3F4
:1026F0004F8FBFF36F8F00BF00BFFEE70CB101200B
:1027000000E0002050B900BF502080F31188BFF3D3
:102710004F8FBFF36F8F00BF00BFFEE754200390C1
:102720000398542801D1012000E0002050B900BFD7
:10273000502080F31188BFF34F8FBFF36F8F00BF1E
:1027400000BFFEE700BFB4B1AEB125462C462E63F4
:10275000022085F85100002004A953464A46CDE9DD
:1027600000B1CDE9025041463846FEF7A4FC2846A8
:10277000FEF7F4FA01E000200490049805B0BDE8EB
:10278000F08F00000549096809B9012005E00449F6
:10279000096809B9022000E00020704744000020C9
:1027A0006000002001490868704700003C000020DC
:1027B0002DE9F0414FF000084448006800287CD122
:1027C00043480068451C4248056015BB4148006805
:1027D000006808B9012000E0002050B900BF502077
:1027E00080F31188BFF34F8FBFF36F8F00BF00BF1F
:1027F000FEE73848076838480068364908603648B8
:10280000076036480068401C34490860FEF78AFEBD
:1028100000BF3348006885423CD300BF2D480068A4
:10282000006808B9012000E0002020B14FF0FF301F
:102830002B4908602DE027480068C068C4686668B6
:10284000B54202D22648066023E0201DFFF777F844
:10285000A06A18B104F11800FFF771F894F82C1071
:10286000012088401F49096808431E490860E16A41
:1028700001EB81011C4A02EB8100211DFFF7B6F834
:102880001A49E06A0968C96A8842C7D34FF001084B
:10289000C4E700BF15480068C06A00EB8000124919
:1028A00051F82000012801D94FF0010810480068B4
:1028B00008B14FF0010805E0FFE70E480068401C32
:1028C0000C4908604046BDE8F0810000600000202F
:1028D0003C0000202C000020300000205000002090
:1028E0005800002040000020141000202800002084
:1028F0004C0000204800002070B505462C460026FC
:10290000002D55D02B480068844201D1012000E001
:10291000002050B900BF502080F31188BFF34F8FC3
:10292000BFF36F8F00BF00BFFEE7A06C50B900BFC0
:10293000502080F31188BFF34F8FBFF36F8F00BF1C
:1029400000BFFEE7A06C401EA064616CE06A884294
:102950002ED0A06C60BB201DFEF7F1FF78B9E06AB5
:1029600000EB8000144951F8200040B994F82C1075
:102970000120884011490968814310480160606C5A
:10298000E062E06AC0F10700A06194F82C10012019
:1029900088400A490968084308490860E16A01EB70
:1029A0008101054A02EB8100211DFFF71FF8012676
:1029B000304670BD28000020141000204000002088
:1029C00070B50646F068C46854B900BF502080F363
:1029D0001188BFF34F8FBFF36F8F00BF00BFFEE7BB
:1029E00004F11800FEF7ABFF15480068A8B9201DD8
:1029F000FEF7A5FF94F82C100120884011490968C2
:102A0000084310490860E16A01EB81010E4A02EBBC
:102A10008100211DFEF7EAFF04E004F118010B48D4
:102A2000FEF7E4FF0A49E06A0968C96A884204D9E6
:102A3000012501200749086000E00025284670BDF7
:102A4000600000204000002014100020C81000206A
:102A5000280000204C00002070B5002400263648D5
:102A6000006850B900BF502080F31188BFF34F8F2A
:102A7000BFF36F8F00BF00BFFEE7FEF7C3FF2E4816
:102A80000068401E2C4908600846006800284FD1A5
:102A90002A48006800284BD024E02948C068C46850
:102AA00004F11800FEF74BFF201DFEF748FF94F8D5
:102AB0002C100120884023490968084321490860F7
:102AC000E16A01EB8101204A02EB8100211DFEF742
:102AD0008DFF1E49E06A0968C96A884202D3012055
:102AE0001B4908601648006808B9012000E0002072
:102AF0000028D2D00CB1FEF715FD1648056865B167
:102B000000BFFFF755FE10B10120114908606D1E8E
:102B1000002DF6D100200F4908600D48006838B13B
:102B2000012630070C490860BFF34F8FBFF36F8F4A
:102B3000FEF792FF304670BD600000203800002094
:102B4000C8100020400000201410002028000020A1
:102B50004C0000204800002004ED00E010B586B0D5
:102B60000024FEF755F916480068D0B10020059002
:102B7000049003AA04A905A8FEF702FF0222DDE9DA
:102B800004100023CDE9002102900EA10F48039A02
:102B9000FFF79AFD0E4908600846006800B101245D
:102BA00000BF54B900BF502080F31188BFF34F8F8E
:102BB000BFF36F8F00BF00BFFEE7204606B010BD19
:102BC0006C000020546D7220537663006916010872
:102BD000700000202DE9FF4704460D4616461F46AB
:102BE000DDF830804FF0000954B900BF502080F369
:102BF0001188BFF34F8FBFF36F8F00BF00BFFEE799
:102C00001448006810B3009501960294062D15DA59
:102C1000FFF7B8FD022808D10023424669460D4857
:102C20000068FFF7C5FA814610E000231A4669469E
:102C300008480068FFF7BCFA814607E000233A46DF
:102C4000694604480068FFF787FB8146484604B0A0
:102C5000BDE8F0876C00002081F00041704780F0F3
:102C60000040704721F00041704720F0004070475D
:102C700021F00042A2F16052B2F5801F01F0004342
:102C800028BFD2F17F6C0BD95FEA001C43EAC20275
:102C900042EB507018BF704728BF20F0010070470A
:102CA000B2F5801FBCBF184670474FEA410C1CF5B7
:102CB000001F02D2084600F0BDBE70B500F05EFBFA
:102CC00000000089FFF7F6BF4FF00040A0F580003C
:102CD0007047000010B591EA030F48BF83F000432E
:102CE00000F1B684841A71EB030C05D2121943EB80
:102CF0000C03001B61EB0C01DFF824E14FEA1154D7
:102D0000A4EB135C1EEA430F18BF9EEA445F73D026
:102D100023EA0E03DCF1200E21EA045143F4801370
:102D200032D322FA0CFE10EB0E0023FA0CFE41EB1C
:102D30000E01CCF1200E03FA0EFE10EB0E0051F145
:102D40000001B1F5801FCCF1200E32D201EB04510D
:102D500012FA0EF2BDE8104058BF7047401C38BF51
:102D60005FEA420218BF7047002814BF20F001003C
:102D700041F100014FEA410313F5001F38BF7047CE
:102D8000A1F1C04100F048BB012A43EB0302ACF1C2
:102D9000200CDCF11F0E32BF4FF0000E23FA0CF3B3
:102DA00010EB030041EB0451B4EB115FD0D0A1EB69
:102DB000045101F5801149085FEA300001EB04512C
:102DC0000ED350F1000038BF12FA0EFE08D1BDE854
:102DD0001040C9E7401C38BF5FEA4202CAD1C3E7CE
:102DE000BDE810404FEA410313F5001F38BF70479C
:102DF000A1F1C04100F010BB9EEA445F08D011EA87
:102E00005E0FBDE8104004BF01F000410020704794
:102E1000BDE8104070B500F0B1FA00BF64FBBE3EE3
:102E20000000E0FF02494FF0000000F011BE00BFBB
:102E30000000F87F491058BFC1F140415B1058BFF6
:102E4000C3F140438B42EFF3008070472DE9C0414E
:102E500030B4DFF8A0C23CEA111418BF3CEA1314E6
:102E600000F0EC8081EA03051CEA111444EAD574F1
:102E700018BF1CEA131500F0C780A4EB05044FF03F
:102E8000004545EAC12145EAC32341EA505143EADE
:102E9000525304F17F74994204F500344FEAC02084
:102EA0004FEAC22208BF904200F09C804FEA1365AF
:102EB0000FF24016765D4FEA134506FB05F7C7F1A2
:102EC000807706FB07F74FEAD737A7FB0368764200
:102ED000C8F58038A7FB06CE38BFA8F1010807FB6C
:102EE00008E64FF0000EA6FB028CE6FB03CEDCF1F9
:102EF000000CCEF1004E38BFAEF1010EA6FB0C580F
:102F00004FF000074FF00005E6FB0E87A1FB08C657
:102F1000A0FB07CE16EB0E0645F10005E1FB0765A9
:102F200015F1E04E7EBFA4F580345FEA46066D41A0
:102F300016F1800745F100054FEA17274FEA0666AC
:102F400047EA0567A6F1DE46B6F1805F4FEA152530
:102F50001FD9384624F0010C05EBC471BCF1FE6F9B
:102F600001EB0C1102D8F0BCBDE8008124425CBF2B
:102F700001F5801E9EEAC47F02D4F0BCBDE800814A
:102F8000244238D4F0BCA1F1C041BDE8004100F0BA
:102F900043BA4FEAD22242EA43524FEAD323A7FB75
:102FA00002864FEAD02040EA415007FB03661EEA42
:102FB0000E0F4FEAD12105FB026658BFA6EB005663
:102FC000B6EB00564FEA520E4EEAC37E18EB0E0ED9
:102FD00056EB530EBDD518EB02085E417F1C55F130
:102FE0000005B6E74FF480154FF000074FF00006DC
:102FF0004FF00008ADE7F0BC4FF0000001F1C04118
:1030000001F00041BDE8008111EA0C1F0CEA131524
:1030100000D00CE013EA0C1F00F025804FF00000F8
:10302000F0BC81EA030101F00041BDE80081F0BC81
:10303000BDE8004181EA030100F0EEB9F0BCBDE853
:10304000004170B500F09AF9097EFC3E00F007B827
:1030500081EA03014FF0000001F00041704781EA6E
:10306000030100F0D9B9F0BCBDE800414FF0000009
:1030700021497047FFFDFBF9F7F5F4F2F0EEEDEBB7
:10308000E9E8E6E4E3E1E0DEDDDBDAD8D7D5D4D366
:10309000D1D0CFCDCCCBCAC8C7C6C5C4C2C1C0BFB2
:1030A000BEBDBCBBBAB9B8B7B6B5B4B3B2B1B0AFB8
:1030B000AEADACABAAA9A8A8A7A6A5A4A3A3A2A19C
:1030C000A09F9F9E9D9C9C9B9A9999989797969557
:1030D00095949393929191908F8F8E8E8D8C8C8BF3
:1030E0008B8A89898888878786858584848383827B
:1030F000828181800000FF070000F87F4FEA4103D2
:103100004FEA5353A3F58063D3F11E03C8BFD3F135
:10311000210C0CDD4FF0004242EAC12242EA50523B
:1031200032FA03FC8CEAE17CACEBE1707047102BC7
:10313000C4BF0020704703F5787CBCF1FF3F04D08A
:103140006FF0004282EA2100704770B500F016F976
:103150004992248000207047F2E710F0004248BFF7
:103160004042B0FA80F310FA03F10AD0C3F11D0314
:1031700003F580634FEA415002EB035202EBD12189
:1031800070474FF000007047B0FA80F310FA03F177
:103190000AD0C3F11D0303F580634FEA41504FEAA3
:1031A000035202EBD12170474FF00000704700003E
:1031B00051EA030C17D41CF5801F58BFBCF5801FC3
:1031C00000F10680994218BF704708BF90427047CF
:1031D00007D711F5801F58BF13F5801F19D49942E6
:1031E0007047894270471CF5801F08D5BCF5801FC9
:1031F000F7D58B4218BF704708BF824270474FF423
:10320000001C1CEB410F38BF1CEB430F01D28B425B
:10321000704770B500F0B2F8922449004FF00051A9
:103220004FF08053FFF706BEDFF848C170B51CEAC7
:10323000111E1EBF1CEA13159EEA0C0F95EA0C0F17
:1032400000F06F8081EA030423EA4C134EEAD47E37
:1032500021EA4C1141F4801143F48013AE44A1FBE8
:10326000024CA0FB0365AEF17F7E361955EB0C05D1
:10327000A1FB034C4CF10003A0FB021C16EB0C0657
:10328000654153F10003094218BF46F0010613F4EB
:10329000007F0BD14FEA03314FEA0530340341EA96
:1032A000155140EA16506FF003020AE04FEAC321BD
:1032B0004FEAC520F40241EA555140EA56506FF0FA
:1032C000020202EB2E4201EB025585EACE710AD0D2
:1032D0005FEA440C18BF24F0004450F1000041F1B3
:1032E000000120EAD47040F2FE7C624500D270BD3D
:1032F000A84214BF4FF080444FF04044002E08BF56
:103300000024BEF1806FA8BFA1F1C041BDE87040AC
:1033100080F282804FF0000001F1C04101F00041D5
:1033200070479EEA0C0F0CEA131518BF95EA0C0FB4
:1033300006D04FF0000081EA030E0EF0004170BD90
:1033400000F01CF88900013E00F007B800F009B851
:103350004FEA430C5FEA5C5C08D081EA030100F0AD
:103360005BB84FEA410C5FEA5C5CF6D14FF00000BD
:10337000014970470000FF070000F87F0EF1020EC0
:103380002EF0030E5EF8046B364205D4012A43EB9F
:10339000030515F5001F12D8012841EB010C1CF59F
:1033A000001F0CD80ED14FEAD17C15F5001F0CEB95
:1033B0004C0C0CF1020C08BF4CEBD37C04E04FF03A
:1033C000080C01E04FEAD37C0CEB4C0526FA05F61D
:1033D00006F00706B6F1040C06D20EEB860CBDE82B
:1033E00070404CF0010C6047DFE80CF0090B020262
:1033F0004FF000414FF00000A1F5002170BD1946CB
:103400001046012851EB010418BFD4F5001484BF05
:10341000002001F0004170BD0808A0F500114FEA3E
:103420003101704753EA010C17D41CF5801F58BFB7
:10343000BCF5801F00F106808B4218BF704708BFA3
:103440008242704707D713F5801F58BF11F5801FC0
:1034500019D48B4270479B4270471CF5801F08D5DA
:10346000BCF5801FF7D5994218BF704708BF90423E
:1034700070474FF4001C1CEB430F38BF1CEB410F8F
:1034800001D2994270470FB40CBC03BCFFF7C1BE18
:1034900091EA030F10B581F000413FF523AC83F0B2
:1034A000004300F0D5B800002DE9F04101F5801C83
:1034B000BCF5001FC0F2A9804FEA115C21EA0C5153
:1034C0000CF1FD0C41F480115FEA5C0C0CF5C07C42
:1034D00001D34000494130A4890241EA905187025A
:1034E0008E0E0A0CA45D04FB04F602FB06F6C6F180
:1034F0004046A4FB0662F60D46EA422606FB06F4A9
:10350000A4FB01235242C3F1404338BF5B1EA6FB1C
:1035100002420024E6FB0324D20B42EA4446A6FB07
:103520000623A1FB02E2A3FB07E4E3FB6142644242
:10353000C2F1404E38BFAEF1010EA6FB04234FF09E
:103540000002E6FB0E32A2FB03463400E2FB62649B
:10355000A1FB06E6A4FB07E8E4FB61687642C8F13C
:10356000405838BFA8F10108A2FB06E4A3FB08E518
:10357000E2FB6854A1FB05E6A7FB04E8E1FB6486D7
:1035800018F1200556F10006A809A8F11B08B10999
:1035900008F03F08B8F10A0F40EA86601CD901EB39
:1035A0000C51BDE8F08100BFFCF5EEE8E2DDD8D3B8
:1035B000CFCBC7C3C0BDB9B6B4B1AEACA9A7A5A3A4
:1035C000A19F9D9B9A9896959392908F8D8C8B89B5
:1035D0008887868584838281A0FB006800FB01F2D6
:1035E00008EB4208B8EB872807D5341858EB0104DC
:1035F000D5D5401C51F10001D1E7341A78EB010414
:10360000CDD4401E71F10001C9E75FEA4C0C5FEABE
:103610009C5C0DD105D34FF0000001F00041BDE8E6
:10362000F081BDE8F04170B5FFF7A8FE6DDBFFBE8D
:10363000BDE8F0414FF00000004970470000F87FFE
:1036400010B591EA030F48BF83F000433FF54AAB42
:10365000841A71EB030C07D212198CF0004C43EB67
:103660000C03001B61EB0C01DFF8A4E14FEA1154DD
:10367000A4EB135C1EEA430F18BF9EEA445F00F000
:10368000B08023EA6E03524221EA0451C3EB6E0379
:1036900038BF5B1EDCF1200E25D322FA0CFE10EBA6
:1036A0000E0043FA0CFE41EB0E01CCF1200E03FAA2
:1036B0000EFE10EB0E0051F10001CCF1200E29D4CA
:1036C00012FA0EF201EB0451BDE8104058BF7047EA
:1036D000401C1CBFB2F1004F704700280CBF491CB2
:1036E00020F00100704712EB020E43EB030218BFFB
:1036F0004FF0010E4EEA4202ACF1200CDCF11E0E3E
:1037000054D943FA0CFE10EB0E0051F1FF31CCF10D
:103710001E0ED5D50EF1010E12FA0EFE404141EB00
:10372000010101EB445C5FEA5C5C10D910EBDE70D8
:1037300001EB045138BFBEF1004FBDE8104018BF87
:10374000704700280CBF491C20F00100704730D2A0
:103750004FEAD42C11F5001124F400641BD0B1FA07
:1037600081F20B3AA41AA41ED2F12003914030FA40
:1037700003F31943904001EBCC71002C01EB045191
:10378000BDE81040A8BF704701F1C0414FF00000F4
:1037900001F000417047B0FA80F310FA03F100D154
:1037A00010BDE41A173C4805C90AE4E701EB0451CF
:1037B00010BD491001EB0451BDE810404FEA300044
:1037C00002E04FF0000170474A0008BF0042F8D005
:1037D000B2F5001F28BF704701F000414FF0000014
:1037E00070479EEA445F07D011EA5E0FBDE81040C3
:1037F00004BF002100207047BDE8104070B5FFF7FE
:10380000BDFD00BF40DFF63E83F00041104670472B
:103810000000E0FF43004FEAD30C4FEA3C0C43406A
:103820001FBF40070CF1605113F0FE4F70471CF0B2
:10383000006F03D100200CF0004170470CF00043F2
:1038400043EA507010B540EACC0000F0A8F800BF81
:10385000000000924FEA0001FFF7DEBD4FF000418B
:103860004FF00000A1F50021704700EE100A00EEB5
:10387000901A30EE200A10EE100A704710B500F0D2
:103880003DF80CBF0120002010BD10B500F036F847
:1038900014BF0120002010BD10B500F047F88CBF08
:1038A0000120002010BD10B500F040F82CBF012011
:1038B000002010BD10B500F051F894BF0120002089
:1038C00010BD10B500F04AF834BF0120002010BD33
:1038D000401058BFC0F14040491058BFC1F14041AD
:1038E0008142EFF30080704700EE100A00EE901A5C
:1038F00080EE201A11EE100A7047000000EE100A48
:1039000000EE901AB4EE600AF1EE10FA78BF70473C
:1039100000F000B810B500F042F800BF9224490052
:103920004FF000504FF08051FFF7D2BF00EE100A69
:1039300000EE901AB4EE600AF1EE10FA78BF70470C
:1039400000F000B810B500F02AF800BF922449003A
:103950004FF080504FF00051FFF7BABF00EE100A51
:1039600000EE901AB4EE600AF1EE10FA78BF7047DC
:10397000AFF3008010B500F012F800BF92244900A8
:103980004FF000504FF08051FFF7A2BF00EE100A39
:1039900000EE901A20EE200A10EE100A70470EF189
:1039A000020E2EF0030E5EF8044B244204D44FEABC
:1039B0004102B2F17F4F11D84FEA4003B3F17F4F7C
:1039C0000CD80ED14FEAD07CB2F17F4F0CEB4C0CEF
:1039D0000CF1020C08BF4CEBD17C04E04FF0080C5A
:1039E00001E04FEAD17C0CEB4C0324FA03F404F021
:1039F0000704B4F1040C06D20EEB840CBDE81040B1
:103A00004CF0010C6047DFE80CF0070802024FF0B1
:103A10000040A0F5800010BD0846420018BFD2F15A
:103A2000807288BF00F0004010BD4FF04070E1EEA2
:103A3000100A7047FF2141EAD050C005704700EEE0
:103A4000100A00EE901A30EE600A10EE100A70476D
:103A50000CF00F03092B08BF082000F059800A2B37
:103A60000BD0082B18BF704708BF1CF0400F0AD0BE
:103A70004FF000004FF0000170471CF0400F18BFDE
:103A80004FF0004070471CF0100F08D020F070433A
:103A900000F07F4242EAD3014FEA4370704700F0E2
:103AA000604021F07F4242EA000201F07F4040EA9C
:103AB000727070474FF0FF0C4CF4E06C1CEA11532D
:103AC0001CBF9CEA030C9445C2BFDA4201EB0251D1
:103AD0007047002B0DD0BCF1000F0FD0002A01F071
:103AE0000041A4BF41F0E04141F07F614FF0000090
:103AF000704701F000414FF00000704750EA013379
:103B00004FF09B0C18BF4CF0806C7FF48BA9704772
:103B10001CF4801F11D01CF4E02F03D06FEACC31CD
:103B2000490070474FF04050EFF3008222F070429E
:103B300042EA000282F3008870474FF000007047AD
:103B40000000891112239B322446AD573665BF749D
:103B5000488CC19D5AAFD3BE6CCAE5DB7EE9F7F84D
:103B60008110080193331A22A5562C47B7753E647D
:103B7000C99C408DDBBF52AEEDDA64CBFFF976E82D
:103B800002218B30100299132667AF763444BD555D
:103B90004AADC3BC588ED19F6EEBE7FA7CC8F5D90D
:103BA00083310A2091121803A7772E66B5543C453D
:103BB000CBBD42ACD99E508FEFFB66EAFDD874C9ED
:103BC00004428D5316619F702004A9153227BB361D
:103BD0004CCEC5DF5EEDD7FC6888E1997AABF3BACD
:103BE00085520C4397711E60A1142805B3373A26FD
:103BF000CDDE44CFDFFD56ECE9986089FBBB72AAAD
:103C000006638F7214409D512225AB343006B917DC
:103C10004EEFC7FE5CCCD5DD6AA9E3B8788AF19B8C
:103C200087730E6295501C41A3352A24B1163807BC
:103C3000CFFF46EEDDDC54CDEBB962A8F99A708B6C
:103C4000088481951AA793B62CC2A5D33EE1B7F09C
:103C50004008C919522BDB3A644EED5F766DFF7C4C
:103C6000899400859BB712A6ADD224C3BFF136E07C
:103C7000C1184809D33B5A2AE55E6C4FF77D7E6C2C
:103C80000AA583B4188691972EE3A7F23CC0B5D15C
:103C90004229CB38500AD91B666FEF7E744CFD5D0C
:103CA0008BB502A499961087AFF326E2BDD034C13C
:103CB000C3394A28D11A580BE77F6E6EF55C7C4DEC
:103CC0000CC685D71EE597F42880A1913AA3B3B21C
:103CD000444ACD5B5669DF78600CE91D722FFB3ECC
:103CE0008DD604C79FF516E4A9902081BBB332A2FC
:103CF000C55A4C4BD7795E68E11C680DF33F7A2EAC
:103D00000EE787F61CC495D52AA1A3B03882B193DB
:103D1000466BCF7A5448DD59622DEB3C700EF91F8B
:103D20008FF706E69DD414C5ABB122A0B9923083BB
:103D3000C77B4E6AD5585C49E33D6A2CF11E780F6B
:103D4000F0410108DDA400080000000000000000B0
:103D500080000000000000000000000000061016B7
:103D6000000610160000000000000000010203041D
:103D70000607080900000000010203040000891181
:103D800012239B322446AD573665BF74488CC19DC3
:103D90005AAFD3BE6CCAE5DB7EE9F7F881100801A3
:103DA00093331A22A5562C47B7753E64C99C408DA3
:103DB000DBBF52AEEDDA64CBFFF976E802218B303F
:103DC000100299132667AF763444BD554AADC3BC83
:103DD000588ED19F6EEBE7FA7CC8F5D983310A2063
:103DE00091121803A7772E66B5543C45CBBD42AC63
:103DF000D99E508FEFFB66EAFDD874C904428D53FB
:103E000016619F702004A9153227BB364CCEC5DF42
:103E10005EEDD7FC6888E1997AABF3BA85520C4322
:103E200097711E60A1142805B3373A26CDDE44CF22
:103E3000DFFD56ECE9986089FBBB72AA06638F72BE
:103E400014409D512225AB343006B9174EEFC7FE02
:103E50005CCCD5DD6AA9E3B8788AF19B87730E62E2
:103E600095501C41A3352A24B1163807CFFF46EEE2
:103E7000DDDC54CDEBB962A8F99A708B088481958A
:103E80001AA793B62CC2A5D33EE1B7F04008C919D2
:103E9000522BDB3A644EED5F766DFF7C8994008592
:103EA0009BB712A6ADD224C3BFF136E0C1184809B2
:103EB000D33B5A2AE55E6C4FF77D7E6C0AA583B42E
:103EC000188691972EE3A7F23CC0B5D14229CB3892
:103ED000500AD91B666FEF7E744CFD5D8BB502A452
:103EE00099961087AFF326E2BDD034C1C3394A2872
:103EF000D11A580BE77F6E6EF55C7C4D0CC685D7EA
:103F00001EE597F42880A1913AA3B3B2444ACD5B51
:103F10005669DF78600CE91D722FFB3E8DD604C711
:103F20009FF516E4A9902081BBB332A2C55A4C4B31
:103F3000D7795E68E11C680DF33F7A2E0EE787F6AD
:103F40001CC495D52AA1A3B03882B193466BCF7A11
:103F50005448DD59622DEB3C700EF91F8FF706E6D1
:103F60009DD414C5ABB122A0B9923083C77B4E6AF1
:103F7000D5585C49E33D6A2CF11E780F0000803F64
:103F80000000000000000000000000000000803F72
:103F90000000000000000000000000000000803F62
:103FA0000000000000000000C3F51C410000803F3D
:103FB0000000000000000000000000000000000001
:103FC00000000000000000000000803F0000000032
:103FD00000000000000000000000000000000000E1
:103FE000000000000000803F000000000000000012
:103FF00000000000000000000000000000000000C1
:104000000000803F000000000000000000000000F1
:104010000000000000000000000000000000803FE1
:104020000000000000000000000000000000000090
:1040300000000000000000000000803F00000000C1
:10404000000000000000F03F000000000000F83F0A
:1040500000000000000000000000004003B8E23F44
:10406000000000000000000006D0CF43EBFD4C3EF6
:10407000033333333333E33FFFAB6FDBB66DDB3FEB
:104080004D268F515555D53F01411DA96074D13F33
:1040900065DBC9934A86CD3FEF4E454A287ECA3F2D
:1040A0003E5555555555C53F93BDBE166CC166BFAF
:1040B0002CDE25AF6A56113FF16BD2C541BDBBBEA8
:1040C000D0A4BE726937663E4C5555555555A53F2F
:1040D0007751C1166CC156BF9015CB19A001FA3E9D
:1040E000AD529C804F7E92BEC4B1B4BD9EEE213EC7
:1040F000D43888BEE9FAA8BD000000000000000026
:1041000000004054FB21F93F3163621A61B4D03D95
:104110000000601A61B4D03D7370032E8A19A33B6E
:104120000000002E8A19A33BC14920259A837B39C0
:1041300000000000000000006E83F9A22915444E23
:10414000D15727FCC0DD34F5999562DB4190433CA3
:10415000AB6351FE61C5BBDE3A6E24B7E0D24D427F
:10416000EA2E49061C92D1091CEB1DFE3EA729B17F
:10417000F53582E88444BB2E26709CE9417E5FB40D
:1041800039D69139F43953838B5F849C3B28F9BD30
:10419000FF97F81F0F9805DE8B112FEF1F6D0A5A3E
:1041A000CF7E366DB709CB27663F464F2DEA5F9E1F
:1041B000C7BA27757BF1E5EBF739073DEA92528ADA
:1041C000B15FFB6B085D8D1FA6F810111111813FC7
:1041D000D561C119A0012ABF7DFEB157E31DC73EBD
:1041E000EB9C2B8AE6E55ABE7CD5CF5A3AD9E53D01
:1041F00064656661756C745461736B001C420108E0
:104200000000002040060000C4010008A04301088F
:104210004006002028D6000020020008011C3210B1
:104220004201037124F41AAA01011E036220429A7A
:10423000B4646370431A34081AF0181AB0042920C1
:10424000290C1BA8C20C19040156021807080812F1
:1042500050C347CDCCCC3D0409531C110B1AC842A6
:104260001C01464B4040041159040B14803F1C298B
:1042700018691C39080911347924091118A914097D
:104280002A30290439847995C918A904092AC469EE
:104290001C094AC4A9A8E918E91CE9C46930E9D095
:1042A0006918691C0912E409169CA988A90401204F
:1042B000A990E980A984A970A9E0011A8009333383
:1042C000EB3A58A08B3A3201157D04017C100F02A5
:1042D00040AB034101055308065804070F160810A8
:1042E000810911160A15800B16450C18010DE37093
:1042F000171379B61B08C1041AD1041AFD04133D23
:10430000B71B0845081A8904131201140202021689
:1043100040830440571D0201020369071A04030980
:10432000041A031365171B0861041A1D041A890473
:104330001AB90441130A062A02EC29AC1329B11454
:104340000825AF4C0873B31C1AF90C1319AE1B08DF
:10435000DD04C1139DB01B0859041AE5041A490471
:104360001C09024387111DC0320904F51A020B1300
:104370000524161001052401100901042402020578
:104380002406170107058203081C100904BD320A20
:104390002E0705010240072A8107248101820000BF
:040000050800018965
:00000001FF
